Heart - Left Ventricle,Cells - Cultured fibroblasts,Lung,Liver,Kidney - Cortex,Adipose - Visceral (Omentum),Adipose - Subcutaneous,Heart - Atrial Appendage,Skin - Sun Exposed (Lower leg),Skin - Not Sun Exposed (Suprapubic)
ENST00000618006 - BSG,ENST00000433736 - ITGAV,ENST00000375076 - AGER,ENST00000613898 - HP,ENST00000324417 - SLC34A1,ENST00000599436 - MUC16,ENST00000320741 - ADIPOQ,ENST00000295379 - BMP10,ENST00000269576 - KRT10,ENST00000252244 - KRT1
ENST00000547250 - ATP5F1B,ENST00000360490 - MME,ENST00000375069 - AGER,ENST00000302068 - FGB,ENST00000428570 - SLC22A11,ENST00000601404 - MUC16,ENST00000394788 - CD36,ENST00000400892 - CLCN6,ENST00000252244 - KRT1,ENST00000269576 - KRT10
ENST00000543351 - VDAC2,ENST00000426059 - FN1,ENST00000375055 - AGER,ENST00000398131 - HP,ENST00000301891 - SLC22A11,ENST00000596768 - MUC16,ENST00000441109 - CD36,ENST00000423572 - SCN5A,ENST00000376288 - CDSN,ENST00000376288 - CDSN
ENST00000450296 - ACAA1,ENST00000505593 - LOX,ENST00000354982 - FCN3,ENST00000205948 - APOH,ENST00000570689 - UMOD,ENST00000397910 - MUC16,ENST00000538969 - CD36,ENST00000610355 - CORIN,ENST00000388718 - FLG2,ENST00000388718 - FLG2
ENST00000614867 - BSG,ENST00000541428 - ASPH,ENST00000318602 - A2M,ENST00000265132 - AMBP,ENST00000396138 - UMOD,ENST00000563941 - MSLN,ENST00000511589 - BTNL9,ENST00000543737 - SLC5A1,ENST00000548765 - KRT1,ENST00000548765 - KRT1
ENST00000543737 - SLC5A1,ENST00000502326 - IL6ST,ENST00000498393 - FCN3,ENST00000265983 - HPX,ENST00000512593 - SLC34A1,ENST00000545450 - MSLN,ENST00000419819 - CD36,ENST00000333535 - SCN5A,ENST00000375819 - LY6G6C,ENST00000375819 - LY6G6C
ENST00000548474 - ATP5F1B,ENST00000323926 - FN1,ENST00000393676 - FOLR1,ENST00000509493 - FGB,ENST00000354728 - UGT1A9,ENST00000566549 - MSLN,ENST00000488048 - CD36,ENST00000414099 - SCN5A,ENST00000495859 - LY6G6C,ENST00000495859 - LY6G6C
ENST00000391921 - CD55,ENST00000336916 - FN1,ENST00000270879 - FCN3,ENST00000404648 - FGG,ENST00000377581 - SLC22A11,ENST00000382862 - MSLN,ENST00000432207 - CD36,ENST00000505372 - PAM,ENST00000301263 - LY6D,ENST00000301263 - LY6D
ENST00000555169 - LGMN,ENST00000639739 - LOX,ENST00000481748 - FCN3,ENST00000371129 - ANGPTL3,ENST00000507685 - SLC34A1,ENST00000561896 - MSLN,ENST00000441034 - CD36,ENST00000503821 - CORIN,ENST00000635956 - KRT10,ENST00000635956 - KRT10
ENST00000557609 - LGMN,ENST00000342951 - PSG5,ENST00000375067 - AGER,ENST00000403106 - FGA,ENST00000416590 - SLC22A11,ENST00000515271 - BTNL9,ENST00000480599 - CD36,ENST00000403092 - SLC8A1,ENST00000428726 - CD44,ENST00000525469 - CD44
ENST00000533280 - CRYAB,ENST00000317840 - COL3A1,ENST00000506143 - COL6A6,ENST00000311907 - F2,ENST00000513614 - SLC34A1,ENST00000398131 - HP,ENST00000491209 - BTNL9,ENST00000343849 - CAV3,ENST00000244333 - LYPD3,ENST00000428726 - CD44
ENST00000414099 - SCN5A,ENST00000492661 - MME,ENST00000563941 - MSLN,ENST00000259396 - ORM1,ENST00000570331 - UMOD,ENST00000566269 - MSLN,ENST00000526907 - PICALM,ENST00000502726 - CORIN,ENST00000525469 - CD44,ENST00000370565 - CLCA2
ENST00000634374 - EFEMP1,ENST00000437994 - CD109,ENST00000375070 - AGER,ENST00000232003 - HRG,ENST00000460745 - SLC22A11,ENST00000570083 - HP,ENST00000464213 - CD36,ENST00000621518 - NCAM1,ENST00000370565 - CLCA2,ENST00000410009 - CD207
ENST00000614547 - CDH5,ENST00000493888 - MME,ENST00000199764 - CEACAM6,ENST00000562526 - HP,ENST00000261615 - DPEP1,ENST00000459780 - ADAMTS9,ENST00000537449 - GHR,ENST00000413743 - SLC4A3,ENST00000215885 - PLA2G3,ENST00000244333 - LYPD3
ENST00000619403 - SLC14A1,ENST00000460393 - MME,ENST00000473619 - AGER,ENST00000529775 - HPX,ENST00000433666 - CUBN,ENST00000355906 - HP,ENST00000406757 - GPC3,ENST00000273857 - CORIN,ENST00000518469 - LY6D,ENST00000382333 - FGFBP1
ENST00000524660 - CRYAB,ENST00000527258 - ABI3BP,ENST00000367070 - C4BPA,ENST00000308192 - PLG,ENST00000565249 - DPEP1,ENST00000494004 - ADAMTS9,ENST00000444204 - ADIPOQ,ENST00000423113 - ITGB1,ENST00000394904 - SLC11A2,ENST00000518469 - LY6D
ENST00000618112 - BSG,ENST00000513319 - LOX,ENST00000379972 - IL15RA,ENST00000461414 - PLG,ENST00000377585 - SLC22A11,ENST00000309881 - CD36,ENST00000513424 - BTNL9,ENST00000569934 - ADAMTS7,ENST00000340107 - FGFR3,ENST00000340107 - FGFR3
ENST00000590665 - ATP5F1A,ENST00000469350 - PLOD2,ENST00000545450 - MSLN,ENST00000527556 - HPX,ENST00000371117 - PKHD1,ENST00000419819 - CD36,ENST00000447544 - CD36,ENST00000533280 - CRYAB,ENST00000410009 - CD207,ENST00000415148 - CD44
ENST00000440951 - ATP1A1,ENST00000366175 - PSG5,ENST00000429135 - IL15RA,ENST00000411641 - AHSG,ENST00000564281 - DPEP1,ENST00000475557 - ADAMTS9,ENST00000550358 - PTPRB,ENST00000425660 - ACTB,ENST00000382333 - FGFBP1,ENST00000299502 - SERPINB2
ENST00000637790 - ASAH1,ENST00000376723 - UGGT1,ENST00000333598 - MCEMP1,ENST00000273784 - AHSG,ENST00000393681 - FOLR1,ENST00000320741 - ADIPOQ,ENST00000515271 - BTNL9,ENST00000505754 - CORIN,ENST00000374228 - SLC46A2,ENST00000639002 - CD44
ENST00000343849 - CAV3,ENST00000462745 - MME,ENST00000358511 - COL6A6,ENST00000528348 - HPX,ENST00000308192 - PLG,ENST00000435819 - CD36,ENST00000438020 - CD36,ENST00000504691 - PAM,ENST00000415148 - CD44,ENST00000289429 - CD1A
ENST00000551182 - ATP5F1B,ENST00000616868 - SULF1,ENST00000392027 - ALPP,ENST00000373968 - MBL2,ENST00000638421 - CASR,ENST00000526472 - PKHD1L1,ENST00000309881 - CD36,ENST00000504456 - PAM,ENST00000299502 - SERPINB2,ENST00000215885 - PLA2G3
ENST00000531745 - C11orf24,ENST00000482079 - WNT5A,ENST00000427077 - IL1RL1,ENST00000222381 - PON1,ENST00000512686 - SLC4A4,ENST00000534623 - PKHD1L1,ENST00000526548 - PICALM,ENST00000565793 - ADAMTS7,ENST00000377028 - DCT,ENST00000308919 - CYP2W1
ENST00000586392 - GPI,ENST00000474644 - COL1A1,ENST00000401885 - GGT1,ENST00000460674 - CP,ENST00000491228 - LRP2,ENST00000390543 - IGHG4,ENST00000512570 - BTNL9,ENST00000452168 - ITGA7,ENST00000388918 - TYRP1,ENST00000394904 - SLC11A2
ENST00000621518 - NCAM1,ENST00000502468 - FBN2,ENST00000393681 - FOLR1,ENST00000287611 - KNG1,ENST00000287611 - KNG1,ENST00000538969 - CD36,ENST00000612016 - VWF,ENST00000636100 - MYO18A,ENST00000308919 - CYP2W1,ENST00000539839 - FZD10
ENST00000423572 - SCN5A,ENST00000497395 - ABI3BP,ENST00000631057 - GPC3,ENST00000405164 - FGG,ENST00000370115 - VCAM1,ENST00000491209 - BTNL9,ENST00000631057 - GPC3,ENST00000640568 - TSPAN9,ENST00000639002 - CD44,ENST00000377028 - DCT
ENST00000368413 - ADAM15,ENST00000497027 - WNT5A,ENST00000506850 - IL7R,ENST00000495413 - HRG,ENST00000312293 - FOLR1,ENST00000482490 - ADAMTS9,ENST00000492862 - EGFL7,ENST00000447819 - NFASC,ENST00000266088 - SLC5A1,ENST00000374228 - SLC46A2
ENST00000574494 - TRAP1,ENST00000265077 - VCAN,ENST00000449446 - WNT2,ENST00000570083 - HP,ENST00000368196 - NTRK1,ENST00000378402 - PKHD1L1,ENST00000492962 - JAM2,ENST00000475797 - HJV,ENST00000357517 - PCDH1,ENST00000435145 - HLA-DQB2
ENST00000491404 - EEF1A1,ENST00000586539 - ABCA8,ENST00000284523 - WNT3A,ENST00000355035 - ASGR2,ENST00000400382 - GGT1,ENST00000511589 - BTNL9,ENST00000555809 - ITGA7,ENST00000636691 - ASAH1,ENST00000289429 - CD1A,ENST00000422263 - CA12
ENST00000359637 - CFH,ENST00000367921 - DDR2,ENST00000469940 - AGER,ENST00000367070 - C4BPA,ENST00000478051 - SLC22A11,ENST00000512570 - BTNL9,ENST00000551728 - CPM,ENST00000357836 - HJV,ENST00000268171 - FURIN,ENST00000266088 - SLC5A1
ENST00000394159 - IL15,ENST00000461482 - TFPI2,ENST00000441259 - PRF1,ENST00000622532 - FGA,ENST00000252809 - GDF15,ENST00000222543 - TFPI2,ENST00000239462 - TNN,ENST00000394162 - ST3GAL6,ENST00000527656 - LRP4,ENST00000527656 - LRP4
ENST00000352187 - SLC43A3,ENST00000419255 - SEMA3C,ENST00000265441 - WNT2,ENST00000269299 - ASGR1,ENST00000377833 - CUBN,ENST00000480599 - CD36,ENST00000540087 - MFAP5,ENST00000335475 - KCNQ1,ENST00000435145 - HLA-DQB2,ENST00000388918 - TYRP1
ENST00000485212 - MYOF,ENST00000407356 - PSG5,ENST00000568746 - IL4R,ENST00000467466 - PLG,ENST00000403096 - COLEC11,ENST00000376841 - BTNL9,ENST00000327705 - BTNL9,ENST00000506143 - COL6A6,ENST00000436178 - IDE,ENST00000566612 - CDH1
ENST00000610355 - CORIN,ENST00000456923 - FN1,ENST00000539028 - CLEC2B,ENST00000354728 - UGT1A9,ENST00000402922 - COLEC11,ENST00000441109 - CD36,ENST00000322563 - WNT11,ENST00000469018 - GGT7,ENST00000411578 - MST1R,ENST00000411578 - MST1R
ENST00000534319 - HSPA8,ENST00000543464 - CPD,ENST00000563926 - IL4R,ENST00000462594 - PON1,ENST00000403838 - GGT1,ENST00000451238 - TFPI2,ENST00000594348 - ANGPTL4,ENST00000388820 - ADAMTS7,ENST00000638295 - SCARB2,ENST00000638295 - SCARB2
ENST00000471548 - ACE2,ENST00000493237 - MME,ENST00000367609 - ADGRG6,ENST00000433729 - PON1,ENST00000404532 - GGT1,ENST00000322563 - WNT11,ENST00000565912 - CX3CL1,ENST00000521150 - SLIT3,ENST00000485044 - MST1R,ENST00000525348 - CD44
ENST00000421373 - FBLN2,ENST00000503759 - LOX,ENST00000306602 - CXCL10,ENST00000324015 - SERPINF2,ENST00000419245 - GALNT11,ENST00000444204 - ADIPOQ,ENST00000464097 - ADA,ENST00000526167 - CRYAB,ENST00000263321 - TYR,ENST00000518434 - LY6D
ENST00000455893 - CPVL,ENST00000475181 - CCDC80,ENST00000567409 - ITGAX,ENST00000492082 - FGG,ENST00000639785 - CASR,ENST00000488048 - CD36,ENST00000425428 - CD44,ENST00000461280 - KCNH2,ENST00000222275 - UPK1A,ENST00000369059 - FGFR2
ENST00000437787 - CD99L2,ENST00000381294 - IL6ST,ENST00000303115 - IL7R,ENST00000574388 - ASGR1,ENST00000324015 - SERPINF2,ENST00000432207 - CD36,ENST00000569530 - PECAM1,ENST00000379799 - PAM,ENST00000518434 - LY6D,ENST00000321429 - DUOX1
ENST00000376263 - HNRNPK,ENST00000404580 - PSG5,ENST00000566549 - MSLN,ENST00000355906 - HP,ENST00000564645 - DPEP1,ENST00000599899 - C3,ENST00000217407 - LBP,ENST00000309881 - CD36,ENST00000526553 - CD44,ENST00000466591 - COL7A1
ENST00000480756 - BGN,ENST00000382989 - MME,ENST00000562918 - ITGAX,ENST00000358415 - ITIH2,ENST00000577168 - UMOD,ENST00000616559 - PTPRQ,ENST00000494004 - ADAMTS9,ENST00000497589 - SLC4A3,ENST00000561220 - DUOX1,ENST00000526553 - CD44
ENST00000432207 - CD36,ENST00000638663 - SCARB2,ENST00000312293 - FOLR1,ENST00000254850 - ASGR2,ENST00000541345 - HPN,ENST00000455073 - LAMA4,ENST00000545906 - VWF,ENST00000522603 - ASPH,ENST00000467751 - C1orf159,ENST00000534296 - CD44
ENST00000511589 - BTNL9,ENST00000419671 - COL12A1,ENST00000381998 - MSR1,ENST00000539746 - VTN,ENST00000371129 - ANGPTL3,ENST00000513424 - BTNL9,ENST00000376841 - BTNL9,ENST00000358511 - COL6A6,ENST00000405312 - PSG4,ENST00000487017 - COL7A1
ENST00000413743 - SLC4A3,ENST00000262464 - FBN2,ENST00000332191 - ROBO2,ENST00000565574 - HP,ENST00000557089 - HSP90AA1,ENST00000421350 - MICA,ENST00000530105 - PRG2,ENST00000634447 - SLC12A7,ENST00000491462 - SLC46A2,ENST00000485044 - MST1R
ENST00000397368 - CAV3,ENST00000280876 - GXYLT1,ENST00000292408 - FGFR4,ENST00000622294 - GHR,ENST00000625904 - HAVCR1,ENST00000327705 - BTNL9,ENST00000471689 - JAM2,ENST00000528590 - NCAM1,ENST00000367135 - SLC26A9,ENST00000411527 - HLA-DQB2
ENST00000528996 - SERPING1,ENST00000465892 - TGFBR3,ENST00000616114 - PCDH15,ENST00000462107 - TFR2,ENST00000432867 - GGT1,ENST00000539028 - CLEC2B,ENST00000280155 - ADRA2A,ENST00000454642 - CDH19,ENST00000369059 - FGFR2,ENST00000268171 - FURIN
ENST00000535011 - CALU,ENST00000405312 - PSG4,ENST00000309539 - OLR1,ENST00000336098 - FGG,ENST00000490087 - GGT1,ENST00000447544 - CD36,ENST00000408005 - THSD7A,ENST00000451520 - TSPAN32,ENST00000321429 - DUOX1,ENST00000376263 - HNRNPK
ENST00000486011 - TSPAN32,ENST00000503010 - TMED7,ENST00000503708 - FGFR4,ENST00000478441 - AHSG,ENST00000599363 - HPN,ENST00000464213 - CD36,ENST00000352818 - CD44,ENST00000555687 - ITGA7,ENST00000472871 - DCT,ENST00000528922 - CD44
ENST00000580389 - ICAM2,ENST00000353578 - COL6A3,ENST00000409584 - IL1RL1,ENST00000403601 - IL17RC,ENST00000461414 - PLG,ENST00000441034 - CD36,ENST00000497524 - AGTR1,ENST00000621850 - NCAM1,ENST00000525348 - CD44,ENST00000472871 - DCT
ENST00000515359 - DAG1,ENST00000474771 - KCNK2,ENST00000615289 - HSD11B1,ENST00000465913 - FGG,ENST00000597419 - HPN,ENST00000217407 - LBP,ENST00000357071 - ECE1,ENST00000618192 - LAMA2,ENST00000469068 - FGFR3,ENST00000532335 - RAET1E
ENST00000589966 - TBXA2R,ENST00000457377 - SLC4A7,ENST00000311734 - IL1RL1,ENST00000226218 - VTN,ENST00000422263 - CA12,ENST00000479368 - CCDC80,ENST00000301959 - STEAP4,ENST00000491324 - PI16,ENST00000532335 - RAET1E,ENST00000263321 - TYR
ENST00000589527 - LGALS3BP,ENST00000529128 - CLMP,ENST00000404648 - FGG,ENST00000490084 - TFR2,ENST00000477859 - ITGB8,ENST00000482211 - HBEGF,ENST00000428774 - CRIM1,ENST00000619403 - SLC14A1,ENST00000422263 - CA12,ENST00000371225 - TACSTD2
ENST00000503821 - CORIN,ENST00000391895 - KCNK2,ENST00000505093 - IL7R,ENST00000223051 - TFR2,ENST00000262626 - HPN,ENST00000432372 - NRP1,ENST00000551461 - PPFIA2,ENST00000497365 - HJV,ENST00000598581 - SLC6A14,ENST00000567238 - SLC6A2
ENST00000497349 - PDIA3,ENST00000492059 - FBLN2,ENST00000394697 - ADCY7,ENST00000540645 - AMBP,ENST00000394468 - HEPACAM2,ENST00000511982 - IL7R,ENST00000551525 - PTPRB,ENST00000275358 - VWDE,ENST00000534296 - CD44,ENST00000254351 - SDC1
ENST00000497869 - TNFRSF4,ENST00000510305 - PCDH18,ENST00000463990 - IL1RL1,ENST00000573596 - ASGR1,ENST00000412658 - GGT1,ENST00000521732 - LAMA4,ENST00000528987 - CD59,ENST00000491127 - SLC26A9,ENST00000490769 - PSG4,ENST00000561220 - DUOX1
ENST00000392669 - ST3GAL4,ENST00000438462 - RTN4,ENST00000014914 - GPRC5A,ENST00000567612 - HP,ENST00000451366 - GGT1,ENST00000356736 - SLC39A8,ENST00000564866 - PECAM1,ENST00000510006 - PAM,ENST00000376263 - HNRNPK,ENST00000597741 - LYPD3
ENST00000367775 - SELE,ENST00000514742 - FBN2,ENST00000600463 - IFI30,ENST00000266646 - INHBE,ENST00000603679 - VCAM1,ENST00000216968 - PROCR,ENST00000465642 - IGFBP3,ENST00000348126 - PAM,ENST00000371225 - TACSTD2,ENST00000491462 - SLC46A2
ENST00000481345 - RAMP3,ENST00000480737 - FN1,ENST00000406757 - GPC3,ENST00000474204 - CP,ENST00000400380 - GGT1,ENST00000472733 - THBS2,ENST00000543369 - MFAP5,ENST00000525876 - SERPINH1,ENST00000356955 - ADAM15,ENST00000349394 - NXPH4
ENST00000498645 - LSAMP,ENST00000438277 - UGGT1,ENST00000525219 - IL15RA,ENST00000473393 - FGG,ENST00000425895 - GGT1,ENST00000374816 - NRP1,ENST00000460477 - IGFBP3,ENST00000446542 - CLCN6,ENST00000396789 - LTB4R,ENST00000357517 - PCDH1
ENST00000546436 - GLT8D2,ENST00000374893 - ECE1,ENST00000358375 - OSCAR,ENST00000233242 - APOB,ENST00000504835 - CDH6,ENST00000428774 - CRIM1,ENST00000413146 - TNFRSF8,ENST00000416910 - SLC4A3,ENST00000284523 - WNT3A,ENST00000368413 - ADAM15
ENST00000513873 - CLDND1,ENST00000436949 - SEMA3A,ENST00000264888 - CXCL9,ENST00000541345 - HPN,ENST00000428855 - GGT1,ENST00000392302 - NTRK1,ENST00000595079 - ANGPTL4,ENST00000590665 - ATP5F1A,ENST00000368286 - SEMA4A,ENST00000586751 - LAMA3
ENST00000381469 - IL3RA,ENST00000487012 - ABI3BP,ENST00000393648 - FGFR4,ENST00000498375 - FGB,ENST00000372003 - TSPAN1,ENST00000602053 - C3,ENST00000475557 - ADAMTS9,ENST00000555809 - ITGA7,ENST00000539839 - FZD10,ENST00000465238 - COL7A1
ENST00000423113 - ITGB1,ENST00000483129 - ABI3BP,ENST00000486742 - LILRA5,ENST00000566821 - HP,ENST00000615002 - TEK,ENST00000263932 - TNFRSF8,ENST00000539168 - CDH5,ENST00000252321 - KCNA5,ENST00000356291 - TMPRSS11F,ENST00000284523 - WNT3A
ENST00000469018 - GGT7,ENST00000424408 - LAMA4,ENST00000265598 - LAMP3,ENST00000359637 - CFH,ENST00000392226 - HPN,ENST00000262551 - OGN,ENST00000492599 - TIE1,ENST00000336751 - HJV,ENST00000566612 - CDH1,ENST00000367135 - SLC26A9
ENST00000583684 - ICAM2,ENST00000480024 - FN1,ENST00000297581 - DCSTAMP,ENST00000529037 - HPX,ENST00000288167 - IL17RB,ENST00000438020 - CD36,ENST00000404754 - AGTR1,ENST00000421373 - FBLN2,ENST00000597741 - LYPD3,ENST00000556141 - LTB4R
ENST00000513192 - PIGG,ENST00000354785 - FN1,ENST00000391761 - OSCAR,ENST00000612382 - GHR,ENST00000407817 - TCN2,ENST00000456754 - TIMP1,ENST00000428530 - IGFBP3,ENST00000398090 - SLC7A2,ENST00000474521 - FGFR3,ENST00000528927 - ANO9
ENST00000505754 - CORIN,ENST00000474875 - TOR1AIP1,ENST00000331941 - CSF3R,ENST00000367076 - C4BPB,ENST00000416053 - P4HA2,ENST00000375561 - OGN,ENST00000370818 - GPC3,ENST00000524660 - CRYAB,ENST00000586751 - LAMA3,ENST00000532339 - CD44
ENST00000538969 - CD36,ENST00000371936 - IL13RA2,ENST00000495442 - A2M,ENST00000433712 - TRPM8,ENST00000502711 - ENPEP,ENST00000374823 - NRP1,ENST00000506782 - BTNL9,ENST00000543351 - VDAC2,ENST00000254351 - SDC1,ENST00000469068 - FGFR3
ENST00000394299 - GPC3,ENST00000395603 - ATRX,ENST00000561896 - MSLN,ENST00000565807 - HP,ENST00000470318 - TSPAN1,,ENST00000305249 - TACR1,ENST00000460971 - COLEC11,ENST00000528927 - ANO9,ENST00000396789 - LTB4R
ENST00000468559 - HM13,ENST00000478348 - S100A10,ENST00000543436 - A2M,ENST00000576168 - HP,ENST00000634374 - EFEMP1,,ENST00000315330 - CLEC1A,ENST00000487365 - COLEC11,ENST00000355153 - ITGB2,ENST00000389037 - DUOX1
ENST00000421350 - MICA,ENST00000528086 - CD44,ENST00000314446 - LILRB2,ENST00000563241 - CES1,ENST00000393092 - DPEP1,,ENST00000329066 - TPO,ENST00000618112 - BSG,ENST00000556141 - LTB4R,ENST00000379415 - ADTRP
ENST00000481873 - ADAM9,ENST00000469554 - CCDC80,ENST00000264832 - ICAM1,ENST00000470767 - C4BPB,ENST00000402794 - COLEC11,,ENST00000321023 - VWF,ENST00000304400 - PAM,ENST00000389037 - DUOX1,ENST00000485503 - EGFR
ENST00000581417 - ICAM2,ENST00000393915 - HMMR,ENST00000550358 - PTPRB,ENST00000489769 - SERPINA1,ENST00000595973 - GDF15,,ENST00000311330 - CD248,ENST00000444870 - SMIM1,ENST00000411527 - HLA-DQB2,ENST00000290167 - WNT4
ENST00000441606 - ANO6,ENST00000443638 - TM9SF3,ENST00000623550 - B2M,ENST00000391923 - C4BPB,ENST00000554401 - HSP90AA1,,ENST00000376802 - HLA-A,ENST00000637922 - ASAH1,ENST00000466591 - COL7A1,ENST00000561166 - DUOX1
ENST00000227251 - CRYAB,ENST00000550253 - TGFBR1,ENST00000392370 - CALCRL,ENST00000400382 - GGT1,ENST00000576688 - UMOD,,ENST00000553276 - ITGA7,ENST00000372689 - PIGT,ENST00000539028 - CLEC2B,ENST00000490769 - PSG4
ENST00000506782 - BTNL9,ENST00000609928 - TOR1AIP2,ENST00000598581 - SLC6A14,ENST00000491404 - EEF1A1,ENST00000522693 - HAVCR1,,ENST00000563425 - CDH5,ENST00000441606 - ANO6,ENST00000396957 - RPL32,ENST00000345363 - LTB4R
ENST00000636100 - MYO18A,ENST00000188790 - FAP,ENST00000632133 - B2M,ENST00000469326 - C4BPB,ENST00000560130 - HSP90AA1,,ENST00000508477 - LIFR,ENST00000527132 - DKK3,ENST00000532094 - ANO9,ENST00000368286 - SEMA4A
ENST00000451520 - TSPAN32,ENST00000560137 - ANPEP,ENST00000424970 - SLC39A8,ENST00000217407 - LBP,ENST00000265162 - ENPEP,,ENST00000340465 - GFRAL,ENST00000637790 - ASAH1,ENST00000621387 - MST1R,ENST00000470179 - PGAP1
ENST00000422731 - AAMP,ENST00000552192 - SLC6A15,ENST00000466081 - FAS,ENST00000636712 - SERPINA1,ENST00000551042 - PTPRQ,,ENST00000563523 - PECAM1,ENST00000548474 - ATP5F1B,ENST00000534161 - ANO9,ENST00000328333 - COL7A1
ENST00000491127 - SLC26A9,ENST00000485567 - FN1,ENST00000495189 - VIPR1,ENST00000528996 - SERPING1,ENST00000401885 - GGT1,,ENST00000524029 - LPL,ENST00000345721 - PAM,ENST00000300589 - NOD2,ENST00000534161 - ANO9
ENST00000585601 - NECTIN2,ENST00000479053 - RECK,ENST00000437800 - CD4,ENST00000243611 - C4BPB,ENST00000523175 - HAVCR1,,ENST00000417621 - IGFBP3,ENST00000550050 - CD63,ENST00000487017 - COL7A1,ENST00000532094 - ANO9
ENST00000634447 - SLC12A7,ENST00000486533 - COL12A1,ENST00000543839 - CLEC12A,ENST00000367775 - SELE,ENST00000490834 - SLC22A11,,ENST00000324106 - CD28,ENST00000474628 - P4HA2,ENST00000332826 - ANO9,ENST00000588164 - LAMA3
ENST00000522603 - ASPH,ENST00000506850 - IL7R,ENST00000571644 - ITGAX,ENST00000382061 - SERPINF2,ENST00000450638 - TCN2,,ENST00000460209 - IGFBP3,ENST00000388918 - TYRP1,ENST00000528922 - CD44,ENST00000465642 - IGFBP3
ENST00000518087 - ASAH1,ENST00000495316 - PSG4,ENST00000475627 - HLA-DMA,ENST00000431692 - TFR2,ENST00000639342 - PIGN,,ENST00000493608 - COL6A3,ENST00000528961 - CRYAB,ENST00000483612 - AZGP1,ENST00000621387 - MST1R
ENST00000640900 - SCARB2,ENST00000523739 - FZD6,ENST00000291294 - PTGIR,ENST00000402629 - SERPINA1,ENST00000460468 - ANK3,,ENST00000492874 - TIE1,ENST00000227251 - CRYAB,ENST00000485503 - EGFR,ENST00000598581 - SLC6A14
ENST00000395983 - BDNF,ENST00000357867 - FN1,ENST00000484849 - AGER,ENST00000495481 - F5,ENST00000512342 - SLC2A9,,ENST00000571988 - RSL1D1,ENST00000382062 - COLEC11,ENST00000612032 - MST1R,ENST00000379268 - TNFRSF18
ENST00000461540 - CCT4,ENST00000495577 - MME,ENST00000456754 - TIMP1,ENST00000567185 - HP,ENST00000463990 - IL1RL1,,ENST00000262101 - MSR1,ENST00000380385 - SCARA5,ENST00000532339 - CD44,ENST00000437316 - HLA-DQB2
ENST00000473851 - ACE2,ENST00000495063 - ABI3BP,ENST00000595973 - GDF15,ENST00000324417 - SLC34A1,ENST00000429089 - PLAT,,ENST00000475821 - S1PR1,ENST00000560130 - HSP90AA1,ENST00000379415 - ADTRP,ENST00000396957 - RPL32
ENST00000375543 - ASPN,ENST00000486921 - KCNK2,ENST00000476590 - CD55,ENST00000523634 - ST3GAL1,ENST00000446198 - PODXL,,ENST00000374816 - NRP1,ENST00000447510 - PROM1,ENST00000468525 - MST1R,ENST00000560666 - CA12
ENST00000475797 - HJV,ENST00000297268 - COL1A2,ENST00000311014 - DNAI2,ENST00000600390 - HPN,ENST00000482143 - TSPAN1,,ENST00000492931 - ADA,ENST00000635756 - ASAH1,ENST00000437316 - HLA-DQB2,ENST00000344366 - CA12
ENST00000590377 - SLC14A1,ENST00000469005 - FSTL1,ENST00000544449 - KLRK1,ENST00000599363 - HPN,ENST00000264784 - SLC2A9,,ENST00000449662 - ICAM2,ENST00000557089 - HSP90AA1,ENST00000433892 - CD44,ENST00000332826 - ANO9
ENST00000309881 - CD36,ENST00000460217 - FN1,ENST00000473575 - VIPR1,ENST00000576487 - ASGR2,ENST00000467466 - PLG,,ENST00000527943 - ABI3BP,ENST00000349077 - COLEC11,ENST00000441515 - IL1RL2,ENST00000483612 - AZGP1
ENST00000388918 - TYRP1,ENST00000448723 - ADAM12,ENST00000340093 - PLAUR,ENST00000493994 - ANGPTL3,ENST00000328189 - VTCN1,,ENST00000315599 - CD209,ENST00000513648 - PAM,ENST00000359280 - ADAM15,ENST00000369458 - VTCN1
ENST00000560061 - IDH2,ENST00000545811 - WNT5B,ENST00000409329 - IL1R1,ENST00000440909 - SERPINA1,ENST00000178638 - CA12,,ENST00000432372 - NRP1,ENST00000389204 - ASPH,ENST00000278385 - CD44,ENST00000409458 - GPNMB
ENST00000381573 - CD274,ENST00000602661 - FKTN,ENST00000268296 - ITGAX,ENST00000484367 - PLG,ENST00000412448 - GGT3P,,ENST00000618828 - COL5A2,ENST00000611814 - PI16,ENST00000349394 - NXPH4,ENST00000479625 - GPNMB
ENST00000509395 - BTNL9,ENST00000560466 - ANXA2,ENST00000474381 - HLA-B,ENST00000465336 - FGG,ENST00000513192 - PIGG,,ENST00000474612 - NOTCH4,ENST00000373760 - SLC4A3,ENST00000463789 - MST1R,ENST00000330394 - EPHB3
ENST00000599988 - FCGRT,ENST00000509647 - FAT1,ENST00000497404 - CD53,ENST00000393056 - DBH,ENST00000555662 - HSP90AA1,,ENST00000271651 - CTSK,ENST00000295760 - FBLN2,ENST00000368947 - ANXA9,ENST00000612032 - MST1R
ENST00000374822 - NRP1,ENST00000560830 - GREM1,ENST00000493242 - LILRB2,ENST00000562488 - HP,ENST00000554276 - SERPINA5,,ENST00000465101 - PEAR1,ENST00000533080 - TSPAN18,ENST00000561166 - DUOX1,ENST00000459756 - COL7A1
ENST00000354982 - FCN3,ENST00000377499 - LMO7,ENST00000404814 - SERPINA1,ENST00000450523 - SERPINF2,ENST00000490131 - CASR,,ENST00000381998 - MSR1,ENST00000425141 - SLC4A3,ENST00000345363 - LTB4R,ENST00000484514 - ROBO1
ENST00000552067 - CD63,ENST00000490769 - PSG4,ENST00000438891 - MFNG,ENST00000472615 - BGN,ENST00000438643 - GGT1,,ENST00000435819 - CD36,ENST00000438793 - PAM,ENST00000467110 - MST1R,ENST00000414691 - ADTRP
ENST00000491324 - PI16,ENST00000502498 - CANX,ENST00000515271 - BTNL9,ENST00000573083 - ASGR1,ENST00000393676 - FOLR1,,ENST00000481345 - RAMP3,ENST00000616444 - ANK3,ENST00000344206 - MST1R,ENST00000468525 - MST1R
ENST00000474709 - ADAM15,ENST00000392003 - COL6A3,ENST00000638372 - SCARB2,ENST00000521576 - HGSNAT,ENST00000570972 - UMOD,,ENST00000279452 - CD44,ENST00000555662 - HSP90AA1,ENST00000490053 - MST1R,ENST00000433892 - CD44
ENST00000252519 - ACE2,ENST00000421182 - FN1,ENST00000371806 - FCN1,ENST00000462918 - PLG,ENST00000404917 - IL1RL1,,ENST00000634509 - PROCR,ENST00000459780 - ADAMTS9,ENST00000340150 - CYP2W1,ENST00000222275 - UPK1A
ENST00000512570 - BTNL9,ENST00000513737 - ITGA1,ENST00000321429 - DUOX1,ENST00000291744 - FCN2,ENST00000615172 - POFUT2,,ENST00000529461 - WNT11,ENST00000432207 - CD36,ENST00000433647 - VIPR1,ENST00000367341 - RAET1L
ENST00000519836 - MGAT4B,ENST00000541932 - FLT1,ENST00000373103 - CSF3R,ENST00000412504 - IL1RAP,ENST00000404223 - GGT1,,ENST00000368679 - ADAM12,ENST00000264613 - CP,ENST00000290167 - WNT4,ENST00000474521 - FGFR3
ENST00000550050 - CD63,ENST00000222543 - TFPI2,ENST00000562138 - ITGAX,ENST00000519924 - ST3GAL1,ENST00000600390 - HPN,,ENST00000308874 - EGFL7,ENST00000640900 - SCARB2,ENST00000344366 - CA12,ENST00000436178 - IDE
ENST00000582025 - PLXDC1,ENST00000521590 - SDC2,ENST00000556955 - SERPINA1,ENST00000461695 - TF,ENST00000427077 - IL1RL1,,ENST00000374823 - NRP1,ENST00000262150 - CDH19,ENST00000473079 - EPHB3,ENST00000239462 - TNN
ENST00000461280 - KCNH2,ENST00000558733 - ADAM10,ENST00000264246 - CD80,ENST00000498043 - CHRNA4,ENST00000620391 - ITGB6,,ENST00000248076 - F2RL3,ENST00000614547 - CDH5,ENST00000530105 - PRG2,ENST00000463789 - MST1R
ENST00000381278 - A4GALT,ENST00000505093 - IL7R,ENST00000495709 - A2M,ENST00000393087 - SERPINA1,ENST00000475124 - IL17RB,,ENST00000488121 - COL1A2,ENST00000317151 - SLC4A3,ENST00000328333 - COL7A1,ENST00000487138 - PROM2
ENST00000638691 - PIGT,ENST00000584265 - MRC2,ENST00000291707 - SIGLEC12,ENST00000462090 - TFR2,ENST00000593305 - HPN,,ENST00000391911 - LAMB3,ENST00000233242 - APOB,ENST00000372307 - SLC6A9,ENST00000630287 - SLC2A1
ENST00000547808 - ATP5F1B,ENST00000548954 - CPM,ENST00000290866 - ACE,ENST00000357836 - HJV,ENST00000471826 - P4HA2,,ENST00000359478 - MFAP5,ENST00000455264 - PAM,ENST00000477251 - AZGP1,ENST00000461614 - EPHA2
ENST00000558018 - MFGE8,ENST00000451238 - TFPI2,ENST00000304361 - CLEC12A,ENST00000574868 - ASGR2,ENST00000475523 - TNFRSF14,,ENST00000637922 - ASAH1,ENST00000534511 - DKK3,ENST00000330394 - EPHB3,ENST00000356291 - TMPRSS11F
ENST00000469598 - TLL2,ENST00000440381 - P4HA1,ENST00000485563 - ALPP,ENST00000619926 - ASGR1,ENST00000374832 - ALPL,,ENST00000459780 - ADAMTS9,ENST00000392302 - NTRK1,ENST00000526142 - ANO9,ENST00000395523 - PPT2
ENST00000418675 - NRP1,ENST00000352818 - CD44,ENST00000480825 - CSF3R,ENST00000477456 - ORM1,ENST00000636769 - SCN2A,,ENST00000397396 - TSPAN4,ENST00000557298 - IL11RA,ENST00000367341 - RAET1L,ENST00000296129 - CDCP1
ENST00000389204 - ASPH,ENST00000554744 - SEL1L,ENST00000449399 - SERPINA1,ENST00000262626 - HPN,ENST00000598095 - CD37,,ENST00000595045 - NOTCH3,ENST00000421350 - MICA,ENST00000518884 - LY6D,ENST00000381150 - SDC1
ENST00000474161 - MYOF,ENST00000523039 - IL6ST,ENST00000460185 - HLA-DQB1,ENST00000399256 - APOB,ENST00000408005 - THSD7A,,ENST00000230882 - GHR,ENST00000530391 - HSPA8,ENST00000459790 - TYRP1,ENST00000439028 - S1PR5
ENST00000457183 - THBS3,ENST00000225964 - COL1A1,ENST00000457018 - CLEC1A,ENST00000475797 - HJV,ENST00000418703 - TRPV4,,ENST00000463719 - APOD,ENST00000485526 - VWDE,ENST00000465238 - COL7A1,ENST00000428530 - IGFBP3
ENST00000407622 - COL23A1,ENST00000409676 - TFPI,ENST00000509092 - PDGFRA,ENST00000465294 - TFR2,ENST00000471548 - ACE2,,ENST00000546556 - CPM,ENST00000381136 - TYRP1,ENST00000369458 - VTCN1,ENST00000584596 - APCDD1
ENST00000483612 - AZGP1,ENST00000533855 - ABI3BP,ENST00000481345 - RAMP3,ENST00000489736 - CP,ENST00000623635 - PTPRQ,,ENST00000228438 - CLEC2B,ENST00000630130 - CFH,ENST00000360144 - FGFR2,ENST00000340150 - CYP2W1
ENST00000599947 - PNPLA6,ENST00000394697 - ADCY7,ENST00000233954 - IL1RL1,ENST00000452902 - C4BPB,ENST00000310954 - SLCO4C1,,ENST00000460393 - MME,ENST00000521169 - VWDE,ENST00000352904 - FGFR3,ENST00000352904 - FGFR3
ENST00000507835 - FBN2,ENST00000504734 - CANX,ENST00000614547 - CDH5,ENST00000561927 - HP,ENST00000508132 - CDH6,,ENST00000457018 - CLEC1A,ENST00000479771 - CP,ENST00000495765 - AZGP1,ENST00000347624 - LRRC15
ENST00000464213 - CD36,ENST00000558964 - NEO1,ENST00000498007 - HLA-B,ENST00000332843 - COLEC10,ENST00000352591 - CEACAM1,,ENST00000589683 - RAMP2,ENST00000368413 - ADAM15,ENST00000531110 - CD44,ENST00000359280 - ADAM15
ENST00000486249 - ST3GAL6,ENST00000473730 - MME,ENST00000540125 - GPRC5A,ENST00000357763 - HP,ENST00000447510 - PROM1,,ENST00000538295 - SRPX,ENST00000374822 - NRP1,ENST00000269217 - LAMA3,ENST00000490053 - MST1R
ENST00000488048 - CD36,ENST00000599371 - PSG4,ENST00000484729 - HLA-DQB1,ENST00000434491 - IL1RAP,ENST00000302068 - FGB,,ENST00000409676 - TFPI,ENST00000566303 - ADAMTS7,ENST00000557893 - DUOX1,ENST00000531110 - CD44
ENST00000526167 - CRYAB,ENST00000475111 - TMEM30A,ENST00000620391 - ITGB6,ENST00000398090 - SLC7A2,ENST00000432372 - NRP1,,ENST00000418473 - AGTR1,ENST00000340160 - TSPAN18,ENST00000317620 - PROM2,ENST00000470994 - GPNMB
ENST00000479015 - SRPX,ENST00000533917 - NAV2,ENST00000450110 - AGER,ENST00000352187 - SLC43A3,ENST00000369458 - VTCN1,,ENST00000349243 - AGTR1,ENST00000533971 - CRYAB,ENST00000462475 - COL7A1,ENST00000468723 - GPNMB
ENST00000337000 - SLC26A6,ENST00000552516 - TGFBR1,ENST00000479522 - FAS,ENST00000469189 - F2,ENST00000232003 - HRG,,ENST00000544211 - MFAP5,ENST00000398131 - HP,ENST00000588164 - LAMA3,ENST00000300589 - NOD2
ENST00000621700 - VWF,ENST00000490242 - ITGBL1,ENST00000584284 - CD7,ENST00000556091 - SERPINA1,ENST00000311734 - IL1RL1,,ENST00000497209 - SLCO4A1,ENST00000506807 - P4HA2,ENST00000381150 - SDC1,ENST00000474157 - GPNMB
ENST00000317151 - SLC4A3,ENST00000393043 - CLTC,ENST00000358164 - ITGAL,ENST00000327325 - CLEC4M,ENST00000419133 - GGT1,,ENST00000473014 - TIE1,ENST00000635305 - FERMT2,ENST00000459756 - COL7A1,ENST00000526142 - ANO9
ENST00000585392 - SNRPD2,ENST00000618057 - ITGBL1,ENST00000381603 - SIRPB1,ENST00000355814 - SERPINA1,ENST00000307364 - SLC26A6,,ENST00000599426 - PLVAP,ENST00000504584 - CORIN,ENST00000487138 - PROM2,ENST00000557893 - DUOX1
ENST00000357947 - TLL2,ENST00000557906 - ANXA2,ENST00000546069 - A2M,ENST00000533856 - HPX,ENST00000619531 - HHLA2,,ENST00000460330 - PTGER3,ENST00000334409 - PDCD1,ENST00000427449 - HLA-DQB2,ENST00000625233 - SLC2A1
ENST00000342550 - IL1RAP,ENST00000367173 - NFASC,ENST00000295683 - CXCR1,ENST00000533369 - HPX,ENST00000615825 - MME,,ENST00000482505 - PEAR1,ENST00000532873 - DKK3,ENST00000450894 - ITGB4,ENST00000467110 - MST1R
ENST00000476683 - SCN5A,ENST00000562325 - CDH11,ENST00000367964 - FCGR3B,ENST00000462495 - TF,ENST00000457183 - THBS3,,ENST00000464145 - LRRC32,ENST00000452576 - VWDE,ENST00000465208 - EPHA1,ENST00000467985 - COL7A1
ENST00000481060 - ADAMTS9,ENST00000480838 - FAP,ENST00000355524 - FCAR,ENST00000554276 - SERPINA5,ENST00000300061 - SCNN1G,,ENST00000367036 - CD34,ENST00000460674 - CP,ENST00000479625 - GPNMB,ENST00000178638 - CA12
ENST00000543369 - MFAP5,ENST00000491026 - MME,ENST00000489175 - KCNE1,ENST00000473296 - CP,ENST00000333496 - CLN3,,ENST00000573770 - SERPINF1,ENST00000537971 - TSPAN9,ENST00000378518 - RER1,ENST00000470076 - COL7A1
ENST00000537971 - TSPAN9,ENST00000374821 - NRP1,ENST00000510722 - ITGA2,ENST00000470502 - PON1,ENST00000561689 - CLN3,,ENST00000452168 - ITGA7,ENST00000481415 - ITPR1,ENST00000480087 - GPC2,ENST00000518884 - LY6D
ENST00000472615 - BGN,ENST00000473614 - FN1,ENST00000434319 - CLEC12A,ENST00000564499 - HP,ENST00000205948 - APOH,,ENST00000428279 - IL1R1,ENST00000525107 - LMO7,ENST00000560666 - CA12,ENST00000269217 - LAMA3
ENST00000454642 - CDH19,ENST00000528490 - ABI3BP,ENST00000581744 - CD7,ENST00000603230 - AMBP,ENST00000231751 - LTF,,ENST00000503759 - LOX,ENST00000525493 - DKK3,ENST00000275815 - EPHA1,ENST00000438929 - BDNF
ENST00000511044 - PCDH1,ENST00000469569 - FN1,ENST00000484704 - HLA-F,ENST00000574330 - ASGR1,ENST00000528996 - SERPING1,,ENST00000473562 - NOTCH4,ENST00000404922 - FBLN2,ENST00000492434 - SLC6A9,ENST00000480087 - GPC2
ENST00000311161 - SLC29A2,ENST00000229708 - ULBP1,ENST00000579314 - ACE,ENST00000473984 - FGB,ENST00000252519 - ACE2,,ENST00000397747 - PDCD1LG2,ENST00000533420 - MYO18A,ENST00000379268 - TNFRSF18,ENST00000427449 - HLA-DQB2
ENST00000525528 - BDNF,ENST00000355153 - ITGB2,ENST00000409599 - IL18R1,ENST00000598879 - CLEC4M,ENST00000409584 - IL1RL1,,ENST00000600841 - NOTCH3,ENST00000476683 - SCN5A,ENST00000369816 - ELOVL4,ENST00000358334 - MYOF
ENST00000497019 - NTRK1,ENST00000559818 - ANXA2,ENST00000248076 - F2RL3,ENST00000412080 - IL1RAP,ENST00000371994 - MINPP1,,ENST00000343267 - APOD,ENST00000258400 - HTR2B,ENST00000389039 - DUOX2,ENST00000230173 - ADGRG6
ENST00000619564 - FGFR1,ENST00000391894 - KCNK2,ENST00000472360 - A2M,ENST00000577982 - APOH,ENST00000300060 - ANPEP,,ENST00000621700 - VWF,ENST00000511589 - BTNL9,ENST00000397396 - TSPAN4,ENST00000261740 - TRPV4
ENST00000621850 - NCAM1,ENST00000466947 - ABI3BP,ENST00000370818 - GPC3,ENST00000264613 - CP,ENST00000482928 - TSPAN1,,ENST00000525586 - MCAM,ENST00000481169 - CP,ENST00000466961 - SLCO4A1,ENST00000296474 - MST1R
ENST00000640123 - PIGT,ENST00000585664 - FKBP10,ENST00000429078 - CD302,ENST00000356897 - IL27,ENST00000360534 - DPP4,,ENST00000260061 - LRRC32,ENST00000455073 - LAMA4,ENST00000370855 - SLC44A5,ENST00000317620 - PROM2
,ENST00000491233 - COL6A3,ENST00000566269 - MSLN,ENST00000475011 - TFR2,ENST00000265132 - AMBP,,ENST00000404922 - FBLN2,ENST00000531267 - MYO18A,ENST00000436503 - IL17RC,ENST00000460209 - IGFBP3
,ENST00000474267 - WNT5A,ENST00000432937 - DMTF1,ENST00000563005 - CES1,ENST00000586890 - EPOR,,ENST00000382201 - TPO,ENST00000496761 - CFH,ENST00000486728 - TNFRSF18,ENST00000539028 - CLEC2B
,ENST00000419018 - FKBP14,ENST00000483665 - FCGR2A,ENST00000554720 - SERPINA1,ENST00000455893 - CPVL,,ENST00000482074 - TNFRSF14,ENST00000257879 - ITGA7,ENST00000583327 - ITGB4,ENST00000460477 - IGFBP3
,ENST00000425171 - PXDN,ENST00000532184 - TRPC6,ENST00000480795 - C4A,ENST00000616559 - PTPRQ,,ENST00000493475 - COL6A3,ENST00000526927 - LTBP3,ENST00000531141 - CD44,ENST00000462475 - COL7A1
,ENST00000479939 - FKBP14,ENST00000296585 - ITGA2,ENST00000525057 - HPX,ENST00000524660 - CRYAB,,ENST00000373004 - SRPX2,ENST00000531309 - DKK3,ENST00000470179 - PGAP1,ENST00000360144 - FGFR2
,ENST00000470521 - MIA3,ENST00000382862 - MSLN,ENST00000392226 - HPN,ENST00000481873 - ADAM9,,ENST00000188790 - FAP,ENST00000321023 - VWF,ENST00000461614 - EPHA2,ENST00000389039 - DUOX2
,ENST00000493406 - WNT5A,ENST00000533815 - BTNL8,ENST00000602053 - C3,ENST00000367928 - VNN1,,ENST00000331035 - IL3RA,ENST00000534516 - NCAM1,ENST00000593253 - ABCA5,ENST00000595970 - LYPD3
,ENST00000600817 - PSG5,ENST00000639300 - SCARB2,ENST00000568090 - HSD17B2,ENST00000362032 - SUCNR1,,ENST00000396549 - MFAP5,ENST00000545906 - VWF,ENST00000368115 - FCER1A,ENST00000450894 - ITGB4
,ENST00000471193 - FN1,ENST00000373209 - PRF1,ENST00000566838 - HSD17B2,ENST00000585206 - DSG2,,,ENST00000396505 - DKK3,ENST00000358334 - MYOF,ENST00000477251 - AZGP1
,ENST00000309234 - HFE,ENST00000344327 - TRPC6,ENST00000298527 - CLEC1B,ENST00000261740 - TRPV4,,,ENST00000321797 - LMO7,ENST00000427683 - EFNA4,ENST00000567674 - CDH3
,ENST00000522006 - LAMA4,ENST00000327325 - CLEC4M,ENST00000513998 - ENPP1,ENST00000292408 - FGFR4,,,ENST00000375543 - ASPN,ENST00000580542 - ITGB4,ENST00000600841 - NOTCH3
,ENST00000368676 - ADAM12,ENST00000358321 - SUSD2,ENST00000565568 - CES1,ENST00000357639 - ENPP3,,,ENST00000428530 - IGFBP3,ENST00000600841 - NOTCH3,ENST00000486728 - TNFRSF18
,ENST00000520982 - BMP1,ENST00000526980 - CSF3R,ENST00000467842 - TF,ENST00000409583 - ITGB6,,,ENST00000378402 - PKHD1L1,ENST00000336553 - FGFR2,ENST00000275815 - EPHA1
,ENST00000326857 - DCBLD2,ENST00000438981 - FN1,ENST00000357780 - APOA4,ENST00000640791 - SCN2A,,,ENST00000358556 - EDNRA,ENST00000395523 - PPT2,ENST00000531141 - CD44
,ENST00000528895 - TM9SF1,ENST00000349607 - MUC4,ENST00000584838 - RFNG,ENST00000338356 - CPM,,,ENST00000526472 - PKHD1L1,ENST00000230173 - ADGRG6,ENST00000524802 - ANO9
,ENST00000640889 - SRPX2,ENST00000356736 - SLC39A8,ENST00000599899 - C3,ENST00000614547 - CDH5,,,ENST00000518140 - SLIT3,ENST00000296129 - CDCP1,ENST00000583327 - ITGB4
,ENST00000358883 - LPAR1,ENST00000633192 - PON2,ENST00000568075 - IL27,ENST00000329597 - SERPINA5,,,ENST00000438020 - CD36,ENST00000584025 - ITGB4,ENST00000422991 - COL7A1
,ENST00000496542 - FN1,ENST00000409998 - CALCRL,ENST00000497097 - FGB,ENST00000555169 - LGMN,,,ENST00000469598 - TLL2,ENST00000524802 - ANO9,ENST00000356082 - LAMB3
,ENST00000231004 - LOX,ENST00000263087 - ITGAE,ENST00000474947 - TFR2,ENST00000399759 - TRPV1,,,ENST00000374816 - NRP1,ENST00000414691 - ADTRP,ENST00000396782 - LTB4R
,ENST00000488500 - EEF1A1,ENST00000263621 - ELANE,ENST00000593305 - HPN,ENST00000558740 - ANPEP,,,ENST00000579658 - CDH19,ENST00000262738 - CELSR1,ENST00000368115 - FCER1A
,ENST00000513998 - ENPP1,ENST00000561689 - CLN3,ENST00000460531 - TF,ENST00000347652 - VCAM1,,,ENST00000526528 - LMO7,ENST00000178638 - CA12,ENST00000344206 - MST1R
,ENST00000407568 - PSG5,ENST00000547632 - ACVRL1,ENST00000302118 - PCSK9,ENST00000606017 - CD24,,,ENST00000371708 - SLC29A1,ENST00000200181 - ITGB4,ENST00000417621 - IGFBP3
,ENST00000502363 - PKD2,ENST00000472587 - ABCG1,ENST00000367797 - F5,ENST00000513448 - PROM1,,,ENST00000483026 - A4GALT,ENST00000527326 - CD44,ENST00000342550 - IL1RAP
,ENST00000462608 - FAP,ENST00000445724 - PTTG1IP,ENST00000507685 - SLC34A1,ENST00000390545 - IGHG2,,,ENST00000612016 - VWF,ENST00000396782 - LTB4R,ENST00000473079 - EPHB3
,ENST00000437266 - SLC4A7,ENST00000474036 - FN1,ENST00000367078 - C4BPB,ENST00000228916 - SCNN1A,,,ENST00000519486 - SLIT3,ENST00000467998 - CGN,ENST00000465208 - EPHA1
,ENST00000503773 - IL6ST,ENST00000262101 - MSR1,ENST00000569351 - HSD17B2,ENST00000624687 - IGHV1-69D,,,ENST00000380588 - IGSF5,,ENST00000595045 - NOTCH3
,ENST00000358133 - PLOD1,ENST00000595460 - PTGIR,ENST00000506155 - ADGRA3,ENST00000382989 - MME,,,ENST00000399289 - KCNE1,,ENST00000585206 - DSG2
,ENST00000611581 - PCDH18,ENST00000321935 - FCRL6,ENST00000530231 - F2,ENST00000390542 - IGHG1,,,ENST00000463990 - IL1RL1,,ENST00000278385 - CD44
,ENST00000433762 - COL6A3,ENST00000534479 - DKK3,ENST00000199936 - HSD17B2,ENST00000563941 - MSLN,,,ENST00000355906 - HP,,ENST00000593253 - ABCA5
,ENST00000524639 - STT3A,ENST00000575168 - CXCL16,ENST00000497902 - CP,ENST00000545450 - MSLN,,,ENST00000409306 - F10,,ENST00000262738 - CELSR1
,ENST00000368679 - ADAM12,ENST00000497377 - HLA-B,ENST00000456930 - TRPM8,ENST00000368413 - ADAM15,,,ENST00000437787 - CD99L2,,ENST00000369816 - ELOVL4
,ENST00000483168 - ITGB5,ENST00000260010 - TLR2,ENST00000508133 - ADGRA3,ENST00000509493 - FGB,,,ENST00000492059 - FBLN2,,ENST00000359361 - ARSF
,ENST00000452464 - SCARB2,ENST00000487540 - CSF3R,ENST00000421786 - C4BPA,ENST00000373631 - CRB2,,,ENST00000418675 - NRP1,,
,ENST00000492816 - FN1,ENST00000487245 - HLA-C,ENST00000483612 - AZGP1,ENST00000631683 - TMEM132E,,,ENST00000530298 - NTRK1,,
,ENST00000422380 - PCYOX1,ENST00000609205 - MSN,ENST00000261292 - LIPG,ENST00000367047 - CD46,,,ENST00000497902 - CP,,
,ENST00000564317 - CDH11,ENST00000559916 - B2M,ENST00000519914 - SDC2,ENST00000390321 - IGLC1,,,ENST00000497019 - NTRK1,,
,ENST00000373008 - P4HA1,ENST00000597107 - PLAUR,ENST00000446679 - ASGR2,ENST00000360168 - SCNN1A,,,ENST00000417621 - IGFBP3,,
,ENST00000396301 - EMP1,ENST00000355906 - HP,ENST00000494544 - CP,ENST00000390549 - IGHG1,,,ENST00000581373 - RPL17,,
,ENST00000540368 - ATP6V0A2,ENST00000597185 - PTGIR,ENST00000498455 - F10,ENST00000263735 - EPCAM,,,ENST00000464690 - FSTL1,,
,ENST00000425719 - NTM,ENST00000416983 - MFNG,ENST00000597419 - HPN,ENST00000637922 - ASAH1,,,ENST00000291294 - PTGIR,,
,ENST00000566333 - CDH13,ENST00000330953 - CCR4,ENST00000528053 - BACE1,ENST00000536087 - SCNN1A,,,ENST00000489736 - CP,,
,ENST00000484088 - ITGB1,ENST00000233156 - TFPI,ENST00000477751 - ITIH2,ENST00000367058 - CR2,,,ENST00000381573 - CD274,,
,ENST00000474036 - FN1,ENST00000011653 - CD4,ENST00000495765 - AZGP1,ENST00000532223 - IGLL5,,,ENST00000252519 - ACE2,,
,ENST00000508989 - FBN2,ENST00000393088 - SERPINA1,ENST00000602143 - CLEC4M,ENST00000460393 - MME,,,ENST00000544049 - KCNJ3,,
,ENST00000415167 - NPR3,ENST00000526025 - CD44,ENST00000534800 - HPX,ENST00000354192 - APP,,,ENST00000532372 - DKK3,,
,ENST00000358715 - HMMR,ENST00000421350 - MICA,ENST00000342550 - IL1RAP,ENST00000619133 - CD24,,,ENST00000534319 - HSPA8,,
,ENST00000560030 - ANPEP,ENST00000538152 - CLEC2B,ENST00000367027 - HSD11B1,ENST00000227251 - CRYAB,,,ENST00000373231 - KCNK17,,
,ENST00000486593 - LAMP2,ENST00000475389 - LAIR1,ENST00000443553 - FGG,ENST00000283249 - ITGB6,,,ENST00000367429 - CFH,,
,ENST00000401992 - PSG5,ENST00000428043 - ACE,ENST00000374832 - ALPL,ENST00000306666 - PTGER3,,,ENST00000503759 - LOX,,
,ENST00000597912 - PSG4,ENST00000438817 - CD96,ENST00000479451 - BCHE,ENST00000554866 - SERPINA5,,,ENST00000480266 - ENG,,
,ENST00000426856 - CRIM1,ENST00000619158 - CDH11,ENST00000477251 - AZGP1,,,,ENST00000503925 - ANK3,,
,ENST00000479499 - LAMC1,ENST00000498102 - VIPR1,ENST00000557904 - ANXA2,,,,ENST00000634374 - EFEMP1,,
,ENST00000553370 - ACTN1,ENST00000462770 - SLCO2A1,ENST00000585162 - APOH,,,,ENST00000557990 - MAN2A2,,
,ENST00000279452 - CD44,ENST00000415217 - ADAM8,ENST00000367928 - VNN1,,,,ENST00000498313 - TSPAN32,,
,ENST00000518841 - LY6K,ENST00000617889 - KLRF1,ENST00000474287 - TF,,,,,,
,ENST00000512143 - PDGFRA,ENST00000523323 - ITGB2,ENST00000470365 - C4A,,,,,,
,ENST00000450319 - IL1R1,ENST00000393087 - SERPINA1,ENST00000412658 - GGT1,,,,,,
,ENST00000393301 - CTSC,ENST00000496081 - HLA-A,ENST00000490692 - PCSK9,,,,,,
,ENST00000407654 - ERLIN1,ENST00000352818 - CD44,ENST00000602229 - C3,,,,,,
,ENST00000339082 - PLAUR,ENST00000491209 - BTNL9,ENST00000252723 - EPO,,,,,,
,ENST00000567934 - CDH11,ENST00000326499 - VNN2,ENST00000460060 - C4A,,,,,,
,ENST00000423649 - ATP6AP2,ENST00000505761 - CD6,ENST00000371117 - PKHD1,,,,,,
,ENST00000432270 - PIGT,ENST00000561166 - DUOX1,ENST00000630240 - CHRNA4,,,,,,
,ENST00000497817 - WNT5A,ENST00000523813 - CD74,ENST00000586811 - ABCA5,,,,,,
,ENST00000491597 - MME,ENST00000465428 - CD96,ENST00000410083 - F10,,,,,,
,ENST00000470524 - COL5A2,ENST00000437231 - PCBP2,ENST00000569639 - HP,,,,,,
,ENST00000533238 - HSPA8,ENST00000435414 - TFPI,ENST00000598805 - C3,,,,,,
,ENST00000599812 - PSG5,ENST00000442510 - PTPRC,ENST00000429078 - CD302,,,,,,
,ENST00000376180 - ITGBL1,ENST00000546910 - CLEC5A,ENST00000492730 - C4BPB,,,,,,
,ENST00000438120 - PTPRF,ENST00000418556 - LAIR1,ENST00000596179 - C3,,,,,,
,ENST00000539687 - SPARC,ENST00000640250 - FAS,ENST00000497797 - CP,,,,,,
,ENST00000310594 - WNT5B,ENST00000403838 - GGT1,ENST00000473963 - TFR2,,,,,,
,ENST00000532474 - RCN1,ENST00000361632 - CSF3R,ENST00000556730 - SERPINA5,,,,,,
,ENST00000295874 - PTPRG,,ENST00000404532 - GGT1,,,,,,
,ENST00000533795 - ABI3BP,,ENST00000593101 - PRKCSH,,,,,,
,ENST00000413802 - NRP1,,ENST00000336751 - HJV,,,,,,
,ENST00000436291 - PSG1,,ENST00000569260 - CES1,,,,,,
,ENST00000557436 - PTGER2,,ENST00000601475 - C3,,,,,,
,ENST00000471863 - PTK7,,ENST00000369234 - GFRA1,,,,,,
,ENST00000525492 - SERPINH1,,ENST00000493011 - TF,,,,,,
,ENST00000519932 - LAMA4,,ENST00000552128 - TSPAN8,,,,,,
,ENST00000494950 - PLOD2,,ENST00000493435 - PLG,,,,,,
,ENST00000483409 - SSR1,,ENST00000471691 - PLG,,,,,,
,ENST00000367339 - ULBP3,,ENST00000350339 - FCN2,,,,,,
,ENST00000529974 - CTSC,,ENST00000496659 - C4A,,,,,,
,ENST00000613830 - NRCAM,,ENST00000502545 - FGB,,,,,,
,ENST00000541779 - LPAR1,,ENST00000555169 - LGMN,,,,,,
,ENST00000518867 - MGAT4B,,ENST00000461176 - TFR2,,,,,,
,ENST00000520233 - SDC2,,ENST00000623277 - LIPG,,,,,,
,ENST00000409929 - IL1R1,,ENST00000403838 - GGT1,,,,,,
,ENST00000409888 - AGPS,,ENST00000533561 - HPX,,,,,,
,ENST00000519678 - ASPH,,ENST00000498622 - TF,,,,,,
,ENST00000589339 - PIGN,,ENST00000436503 - IL17RC,,,,,,
,ENST00000440156 - SLC4A7,,ENST00000471356 - CP,,,,,,
,ENST00000615825 - MME,,ENST00000513423 - FGFR4,,,,,,
,ENST00000585922 - FKBP10,,ENST00000513614 - SLC34A1,,,,,,
,ENST00000422544 - PDGFC,,ENST00000491876 - C4A,,,,,,
,ENST00000264634 - WNT5A,,ENST00000631289 - CHRNA4,,,,,,
,ENST00000507835 - FBN2,,ENST00000497365 - HJV,,,,,,
,ENST00000447877 - ENTPD6,,ENST00000371059 - LEPR,,,,,,
,ENST00000519387 - LY6K,,ENST00000296955 - DCBLD1,,,,,,
,ENST00000497414 - FAP,,ENST00000490663 - C4A,,,,,,
,ENST00000549781 - CPM,,ENST00000594005 - C3,,,,,,
,ENST00000480044 - FAP,,ENST00000393846 - FGG,,,,,,
,ENST00000534131 - CTSC,,ENST00000333496 - CLN3,,,,,,
,ENST00000478235 - ABI3BP,,ENST00000611967 - PCSK6,,,,,,
,ENST00000316623 - FBN1,,ENST00000476304 - TFR2,,,,,,
,ENST00000482235 - ANTXR1,,ENST00000553424 - CD302,,,,,,
,ENST00000479257 - CALU,,ENST00000482740 - SERPINA3,,,,,,
,ENST00000481873 - ADAM9,,ENST00000470918 - CFH,,,,,,
,ENST00000494446 - FN1,,ENST00000570576 - ASGR1,,,,,,
,ENST00000397033 - ITGA4,,ENST00000523108 - MGAT4B,,,,,,
,ENST00000525076 - CTSB,,ENST00000447445 - KNG1,,,,,,
,ENST00000392396 - TFRC,,ENST00000561626 - ELFN1,,,,,,
,ENST00000528398 - PICALM,,ENST00000419133 - GGT1,,,,,,
,ENST00000371489 - MYOF,,ENST00000427224 - LIPG,,,,,,
,ENST00000617533 - SEZ6L2,,ENST00000596548 - C3,,,,,,
,ENST00000471901 - ABI3BP,,ENST00000491536 - PLOD1,,,,,,
,ENST00000312584 - TNFRSF10D,,ENST00000388887 - STAB2,,,,,,
,ENST00000440702 - FAM20B,,ENST00000534429 - HPX,,,,,,
,ENST00000257770 - NT5E,,ENST00000508139 - FGFR4,,,,,,
,ENST00000533051 - SLC43A3,,ENST00000375551 - F10,,,,,,
,ENST00000477874 - IL17RA,,ENST00000409306 - F10,,,,,,
,ENST00000624166 - ATRX,,ENST00000439148 - TRPM8,,,,,,
,ENST00000397618 - UGGT2,,ENST00000393648 - FGFR4,,,,,,
,ENST00000461431 - CCDC80,,ENST00000329597 - SERPINA5,,,,,,
,ENST00000397591 - THBS1,,ENST00000556388 - SERPINA3,,,,,,
,ENST00000590654 - GALNT1,,ENST00000411734 - AZGP1,,,,,,
,ENST00000483888 - COL12A1,,ENST00000361503 - CES1,,,,,,
,ENST00000374630 - EPHB2,,ENST00000596662 - HPN,,,,,,
,ENST00000370408 - ERLIN1,,ENST00000504477 - IQGAP2,,,,,,
,ENST00000557372 - SEL1L,,ENST00000594936 - C3,,,,,,
,ENST00000374822 - NRP1,,ENST00000292401 - AZGP1,,,,,,
,ENST00000638369 - PIGN,,ENST00000484695 - FGG,,,,,,
,ENST00000503823 - SLIT2,,ENST00000393637 - FGFR4,,,,,,
,ENST00000445143 - CD59,,ENST00000580036 - LIPG,,,,,,
,ENST00000434918 - DPP4,,ENST00000398185 - PCSK6,,,,,,
,ENST00000467031 - KCNK2,,ENST00000611716 - PCSK6,,,,,,
,ENST00000551728 - CPM,,ENST00000402696 - TF,,,,,,
,ENST00000506357 - SGCB,,ENST00000382062 - COLEC11,,,,,,
,ENST00000560165 - ANXA2,,ENST00000360526 - CES1,,,,,,
,ENST00000347613 - CLCN3,,ENST00000495636 - SLC6A1,,,,,,
,ENST00000455250 - PDIA3,,ENST00000370263 - CHRNA4,,,,,,
,ENST00000477536 - HEG1,,ENST00000458311 - FOLH1,,,,,,
,ENST00000449038 - PLOD1,,ENST00000422046 - CES1,,,,,,
,ENST00000295550 - COL6A3,,ENST00000403444 - CEACAM1,,,,,,
,ENST00000406391 - SLC8A1,,ENST00000485977 - TF,,,,,,
,ENST00000493278 - CALU,,ENST00000297261 - SHH,,,,,,
,ENST00000465088 - FAP,,ENST00000230173 - ADGRG6,,,,,,
,ENST00000259056 - GALNT5,,ENST00000340107 - FGFR3,,,,,,
,ENST00000463335 - ANTXR1,,,,,,,,
,ENST00000475774 - RECK,,,,,,,,
,ENST00000467549 - ROBO1,,,,,,,,
,ENST00000455077 - SLC4A7,,,,,,,,
,ENST00000559761 - ANPEP,,,,,,,,
,ENST00000264205 - ECE1,,,,,,,,
,ENST00000451895 - PSG4,,,,,,,,
,ENST00000472007 - FKBP9,,,,,,,,
,ENST00000224237 - VIM,,,,,,,,
,ENST00000525241 - CD44,,,,,,,,
,ENST00000502252 - CORIN,,,,,,,,
,ENST00000519390 - LY6K,,,,,,,,
,ENST00000638046 - ATP6AP2,,,,,,,,
,ENST00000409829 - ANTXR1,,,,,,,,
,ENST00000476387 - COL1A1,,,,,,,,
,ENST00000402934 - LTBP1,,,,,,,,
,ENST00000310645 - COL6A2,,,,,,,,
,ENST00000424703 - FSTL1,,,,,,,,
,ENST00000475896 - ABI3BP,,,,,,,,
,ENST00000559113 - ANXA2,,,,,,,,
,ENST00000400266 - USP14,,,,,,,,
,ENST00000284648 - OSCAR,,,,,,,,
,ENST00000569624 - CDH11,,,,,,,,
,ENST00000448405 - MPZL1,,,,,,,,
,ENST00000270645 - RCN3,,,,,,,,
,ENST00000447066 - GLG1,,,,,,,,
,ENST00000463440 - COL1A1,,,,,,,,
,ENST00000591773 - CANT1,,,,,,,,
,ENST00000535040 - TPBG,,,,,,,,
,ENST00000352931 - PTK7,,,,,,,,
,ENST00000423239 - RC3H2,,,,,,,,
,ENST00000526242 - SERPINH1,,,,,,,,
,ENST00000449187 - CALU,,,,,,,,
,ENST00000558169 - ANXA2,,,,,,,,
,ENST00000511092 - CLCN3,,,,,,,,
,ENST00000529810 - CD151,,,,,,,,
,ENST00000538364 - EMP1,,,,,,,,
,ENST00000467931 - COL1A2,,,,,,,,
,ENST00000544972 - TNC,,,,,,,,
,ENST00000206423 - CCDC80,,,,,,,,
,ENST00000637633 - AGPS,,,,,,,,
,ENST00000446985 - DDR2,,,,,,,,
,ENST00000558503 - ANXA2,,,,,,,,
,ENST00000560028 - ANPEP,,,,,,,,
,ENST00000613314 - PCDHGA12,,,,,,,,
,ENST00000434472 - CD44,,,,,,,,
,ENST00000523007 - LRP12,,,,,,,,
,ENST00000494614 - DCBLD2,,,,,,,,
,ENST00000287097 - CD109,,,,,,,,
,ENST00000480275 - CCDC80,,,,,,,,
,ENST00000522566 - FZD6,,,,,,,,
,ENST00000300060 - ANPEP,,,,,,,,
,ENST00000422436 - FAP,,,,,,,,
,ENST00000530640 - CTSB,,,,,,,,
,ENST00000375614 - LAYN,,,,,,,,
,ENST00000467479 - NEGR1,,,,,,,,
,ENST00000557937 - ANXA2,,,,,,,,
,ENST00000513189 - TLR3,,,,,,,,
,ENST00000446903 - TNS1,,,,,,,,
,ENST00000545560 - ITGBL1,,,,,,,,
,ENST00000470167 - COL3A1,,,,,,,,
,ENST00000465888 - MBTPS2,,,,,,,,
,ENST00000546373 - CPM,,,,,,,,
,ENST00000389658 - LAMA1,,,,,,,,
,ENST00000428279 - IL1R1,,,,,,,,
,ENST00000479144 - DCBLD2,,,,,,,,
,ENST00000538295 - SRPX,,,,,,,,
,ENST00000506241 - IL6ST,,,,,,,,
,ENST00000439685 - CCDC80,,,,,,,,
,ENST00000478215 - COL1A2,,,,,,,,
,ENST00000376162 - ITGBL1,,,,,,,,
,ENST00000465487 - SLC4A7,,,,,,,,
,ENST00000292430 - LY6K,,,,,,,,
,ENST00000481273 - PTK7,,,,,,,,
,ENST00000534472 - STT3A,,,,,,,,
,ENST00000378518 - RER1,,,,,,,,
,ENST00000359092 - AXL,,,,,,,,
,ENST00000593483 - RCN3,,,,,,,,
,ENST00000534831 - GPRC5A,,,,,,,,
,ENST00000494334 - COL1A1,,,,,,,,
,ENST00000565682 - OGFOD1,,,,,,,,
,ENST00000444842 - KCNK2,,,,,,,,
,ENST00000425360 - NFASC,,,,,,,,
,ENST00000504584 - CORIN,,,,,,,,
,ENST00000559925 - IGF1R,,,,,,,,
,ENST00000436769 - COL6A2,,,,,,,,
,ENST00000397747 - PDCD1LG2,,,,,,,,
,ENST00000425428 - CD44,,,,,,,,
,ENST00000479365 - SSR1,,,,,,,,
,ENST00000547924 - CPM,,,,,,,,
,ENST00000534777 - DCBLD1,,,,,,,,
,ENST00000400308 - PCBP3,,,,,,,,
,ENST00000558132 - ANXA2,,,,,,,,
,ENST00000495677 - COL1A1,,,,,,,,
,ENST00000409086 - SLC39A10,,,,,,,,
,ENST00000520770 - LRP12,,,,,,,,
,ENST00000616559 - PTPRQ,,,,,,,,
,ENST00000524970 - THY1,,,,,,,,
,ENST00000465424 - FAP,,,,,,,,
,ENST00000482765 - ABI3BP,,,,,,,,
,ENST00000349999 - HFE,,,,,,,,
,ENST00000412923 - PCDH18,,,,,,,,
,ENST00000497720 - THBS1,,,,,,,,
,ENST00000546912 - CPM,,,,,,,,
,ENST00000527977 - CLMP,,,,,,,,
,ENST00000504672 - PDGFC,,,,,,,,
,ENST00000358747 - SLC26A6,,,,,,,,
,ENST00000369651 - NT5E,,,,,,,,
,ENST00000430171 - IL1R1,,,,,,,,
,ENST00000639496 - KCNQ3,,,,,,,,
,ENST00000522656 - SLC7A2,,,,,,,,
,ENST00000347624 - LRRC15,,,,,,,,
,ENST00000350763 - TNC,,,,,,,,
,ENST00000409329 - IL1R1,,,,,,,,
,ENST00000561022 - ANXA2,,,,,,,,
,ENST00000441738 - TIMP1,,,,,,,,
,ENST00000427167 - SEMA3C,,,,,,,,
,ENST00000400334 - PIGN,,,,,,,,
,ENST00000393559 - LAMB1,,,,,,,,
,ENST00000594198 - EMP3,,,,,,,,
,ENST00000526669 - CD44,,,,,,,,
,ENST00000461525 - COL1A2,,,,,,,,
,ENST00000528700 - CD59,,,,,,,,
,ENST00000428848 - CDH13,,,,,,,,
,ENST00000367718 - TNFSF4,,,,,,,,
,ENST00000528020 - CTSC,,,,,,,,
,ENST00000521327 - SPARC,,,,,,,,
,ENST00000425954 - PLXNB2,,,,,,,,
,ENST00000419716 - SULF1,,,,,,,,
,ENST00000478064 - LAMC1,,,,,,,,
,ENST00000525688 - CD44,,,,,,,,
,ENST00000461974 - FN1,,,,,,,,
,ENST00000478966 - SERPINE2,,,,,,,,
,ENST00000357637 - PIGN,,,,,,,,
,ENST00000620463 - COL1A2,,,,,,,,
,ENST00000558230 - FBN1,,,,,,,,
,ENST00000317896 - HFE,,,,,,,,
,ENST00000526638 - SERPINH1,,,,,,,,
,ENST00000486572 - COL1A1,,,,,,,,
,ENST00000529905 - PPT1,,,,,,,,
,ENST00000299502 - SERPINB2,,,,,,,,
,ENST00000467994 - FSTL1,,,,,,,,
,ENST00000461865 - SRPX,,,,,,,,
,ENST00000344366 - CA12,,,,,,,,
,ENST00000590103 - TUBB6,,,,,,,,
,ENST00000370096 - COL11A1,,,,,,,,
,ENST00000415782 - LAMB3,,,,,,,,
,ENST00000589189 - GALNT1,,,,,,,,
,ENST00000345201 - PTK7,,,,,,,,
,ENST00000488494 - ITGB1,,,,,,,,
,ENST00000538336 - FKBP9,,,,,,,,
,ENST00000480823 - FSTL1,,,,,,,,
,ENST00000338356 - CPM,,,,,,,,
,ENST00000559887 - ANPEP,,,,,,,,
,ENST00000534413 - ABI3BP,,,,,,,,
,ENST00000450363 - SLC6A15,,,,,,,,
,ENST00000379024 - NRCAM,,,,,,,,
,ENST00000349241 - PTK7,,,,,,,,
,ENST00000545707 - LDLR,,,,,,,,
,ENST00000511732 - COL1A1,,,,,,,,
,ENST00000369304 - ITGA10,,,,,,,,
,ENST00000282903 - PLOD2,,,,,,,,
,ENST00000439918 - P4HB,,,,,,,,
,ENST00000402441 - SLC8A1,,,,,,,,
,ENST00000473573 - COL1A2,,,,,,,,
,ENST00000471344 - COL1A1,,,,,,,,
,ENST00000493608 - COL6A3,,,,,,,,
,ENST00000391911 - LAMB3,,,,,,,,
,ENST00000297450 - ANGPT1,,,,,,,,
,ENST00000559176 - ANXA2,,,,,,,,
,ENST00000536383 - EMP1,,,,,,,,
,ENST00000371820 - COL5A1,,,,,,,,
,ENST00000356660 - BDNF,,,,,,,,
,ENST00000245457 - PTGER2,,,,,,,,
,ENST00000521597 - TNFRSF11B,,,,,,,,
,ENST00000464933 - SLC9A7,,,,,,,,
,ENST00000474715 - YWHAQ,,,,,,,,
,ENST00000341037 - TNC,,,,,,,,
,ENST00000332680 - ANXA2,,,,,,,,
,ENST00000322507 - COL12A1,,,,,,,,
,ENST00000358170 - CD46,,,,,,,,
,ENST00000558740 - ANPEP,,,,,,,,
,ENST00000284322 - ABI3BP,,,,,,,,
,ENST00000374867 - NRP1,,,,,,,,
,ENST00000395631 - FERMT2,,,,,,,,
,ENST00000266682 - SLC6A15,,,,,,,,
,ENST00000612273 - COL6A1,,,,,,,,
,ENST00000402687 - SULF1,,,,,,,,
,ENST00000424234 - ACTN4,,,,,,,,
,ENST00000543779 - DMXL2,,,,,,,,
,ENST00000472056 - COL6A3,,,,,,,,
,ENST00000407925 - LTBP1,,,,,,,,
