GSE63577_BJ_transcripts,GSE63577_IMR90_transcripts,voic_epithelia_sen_transcripts,GSE63577_HFF_transcripts,GSE105951_PD78_transcripts,GSE130727_IMR90_transcripts,GSE130727_WI38_transcripts,GSE64553_MRC5_transcripts,GSE109700_early_sen_transcripts,GSE109700_deep_sen_transcripts,GSE64553_HFF_transcripts,GSE63577_MRC5_transcripts,GSE63577_WI38_transcripts
ENST00000592683 - TUBB6,ENST00000486085 - RTN4,ENST00000246533 - CAPNS1,ENST00000621109 - PSG9,ENST00000433153 - HLA-C,ENST00000436191 - MICA,ENST00000612235 - CADM1,ENST00000621109 - PSG9,ENST00000633941 - GPI,ENST00000521647 - PLAT,ENST00000601041 - PSG4,ENST00000621109 - PSG9,ENST00000601041 - PSG4
ENST00000517352 - TNFRSF11B,ENST00000261180 - TRHDE,ENST00000587184 - LAMA3,ENST00000317449 - LRRN4CL,ENST00000470133 - PLOD1,ENST00000560352 - NEO1,ENST00000621109 - PSG9,ENST00000517352 - TNFRSF11B,ENST00000367718 - TNFSF4,ENST00000633941 - GPI,ENST00000479203 - HLA-B,ENST00000517352 - TNFRSF11B,ENST00000261180 - TRHDE
ENST00000260702 - LOXL4,ENST00000297350 - TNFRSF11B,ENST00000336916 - FN1,ENST00000366175 - PSG5,ENST00000625615 - PTPRK,ENST00000520033 - ANGPT1,ENST00000492888 - KIAA0319L,ENST00000370207 - F3,ENST00000517352 - TNFRSF11B,ENST00000418055 - P4HA2,ENST00000366175 - PSG5,ENST00000261180 - TRHDE,ENST00000429840 - HLA-C
ENST00000597058 - PSG1,ENST00000423218 - ITGA11,ENST00000457586 - PRNP,ENST00000525866 - LAYN,ENST00000441303 - DCN,ENST00000552503 - TRHDE,ENST00000397022 - HFE,ENST00000261180 - TRHDE,ENST00000479053 - RECK,ENST00000503090 - HHIP,ENST00000517352 - TNFRSF11B,ENST00000592683 - TUBB6,ENST00000317449 - LRRN4CL
ENST00000525866 - LAYN,ENST00000517352 - TNFRSF11B,ENST00000611028 - FOLR3,ENST00000597058 - PSG1,ENST00000593998 - ANGPTL4,ENST00000261180 - TRHDE,ENST00000421350 - MICA,ENST00000378076 - ITGA8,ENST00000593998 - ANGPTL4,ENST00000296575 - HHIP,ENST00000596907 - PSG4,ENST00000306773 - NPTX1,ENST00000297350 - TNFRSF11B
ENST00000297350 - TNFRSF11B,ENST00000473258 - COL6A3,ENST00000222572 - PON2,ENST00000260702 - LOXL4,ENST00000355279 - FAS,ENST00000549401 - TRHDE,ENST00000420744 - MICA,ENST00000281834 - TNFSF4,ENST00000418055 - P4HA2,ENST00000509814 - ITGA2,ENST00000297350 - TNFRSF11B,ENST00000281834 - TNFSF4,ENST00000370207 - F3
ENST00000366175 - PSG5,ENST00000370207 - F3,ENST00000431533 - RPL28,ENST00000377966 - RECK,ENST00000429840 - HLA-C,ENST00000492878 - EPHB4,ENST00000423443 - MICA,ENST00000306773 - NPTX1,ENST00000571617 - P4HB,ENST00000281834 - TNFSF4,ENST00000266646 - INHBE,ENST00000438462 - RTN4,ENST00000486085 - RTN4
ENST00000261180 - TRHDE,ENST00000281834 - TNFSF4,ENST00000619935 - CRIM1,ENST00000343110 - PRELP,ENST00000378192 - TLN1,ENST00000468758 - MGAT5,ENST00000498284 - PTPRK,ENST00000473258 - COL6A3,ENST00000619287 - OSCAR,ENST00000265071 - CDH6,ENST00000481570 - COL1A2,ENST00000367718 - TNFSF4,ENST00000517352 - TNFRSF11B
ENST00000582147 - COLEC12,ENST00000438462 - RTN4,ENST00000367030 - LAMB3,ENST00000473202 - SERPINE2,ENST00000633992 - GREM1,ENST00000549922 - TRHDE,ENST00000627390 - PTPRK,ENST00000486085 - RTN4,ENST00000263012 - NOMO3,ENST00000367718 - TNFSF4,ENST00000261180 - TRHDE,ENST00000297350 - TNFRSF11B,ENST00000265071 - CDH6
ENST00000481570 - COL1A2,ENST00000306773 - NPTX1,ENST00000393962 - ANGPTL4,ENST00000507750 - KCNN2,ENST00000560677 - GREM1,ENST00000418212 - BDNF,ENST00000460737 - LY6G5C,ENST00000297350 - TNFRSF11B,ENST00000574914 - P4HB,ENST00000522812 - PLAT,ENST00000507750 - KCNN2,ENST00000486085 - RTN4,ENST00000418212 - BDNF
ENST00000473258 - COL6A3,ENST00000480356 - F3,ENST00000544301 - VIM,ENST00000517352 - TNFRSF11B,ENST00000629679 - HYOU1,ENST00000530861 - BDNF,ENST00000481444 - LY6G5C,ENST00000367718 - TNFSF4,ENST00000544577 - OLR1,ENST00000524867 - RPLP2,ENST00000474267 - WNT5A,ENST00000532873 - DKK3,ENST00000259056 - GALNT5
ENST00000473202 - SERPINE2,ENST00000443059 - QSOX1,ENST00000631491 - ADAM9,ENST00000400532 - JAM2,ENST00000532519 - HYOU1,ENST00000504669 - ITGA1,ENST00000436191 - MICA,ENST00000576460 - NOMO3,ENST00000281834 - TNFSF4,ENST00000352041 - PLAT,ENST00000244295 - PSG4,ENST00000480356 - F3,ENST00000514464 - BACE1
ENST00000474267 - WNT5A,ENST00000481570 - COL1A2,ENST00000619133 - CD24,ENST00000297350 - TNFRSF11B,ENST00000584221 - CPD,ENST00000619935 - CRIM1,ENST00000493109 - COL12A1,ENST00000633153 - NOMO3,ENST00000432556 - OLR1,ENST00000494950 - PLOD2,ENST00000425443 - COL12A1,ENST00000526110 - HSPA8,ENST00000454872 - NAALADL2
ENST00000541932 - FLT1,ENST00000601041 - PSG4,ENST00000502527 - VCAN,ENST00000418820 - PSG9,ENST00000438672 - EFEMP1,ENST00000574721 - ADCY9,ENST00000519080 - TEK,ENST00000480356 - F3,ENST00000521647 - PLAT,ENST00000366175 - PSG5,ENST00000525866 - LAYN,ENST00000370207 - F3,ENST00000423509 - HLA-C
ENST00000361981 - L1CAM,ENST00000521597 - TNFRSF11B,ENST00000633130 - GPI,ENST00000582147 - COLEC12,ENST00000493109 - COL12A1,ENST00000509814 - ITGA2,ENST00000503336 - SLC26A2,ENST00000383487 - HLA-C,ENST00000580928 - RFNG,ENST00000574721 - ADCY9,ENST00000400256 - COLEC12,ENST00000454872 - NAALADL2,ENST00000618372 - CEACAM19
ENST00000472990 - FLOT1,ENST00000532873 - DKK3,ENST00000269217 - LAMA3,ENST00000271651 - CTSK,ENST00000582588 - RPL17,ENST00000281834 - TNFSF4,ENST00000466473 - HILPDA,ENST00000383323 - HLA-C,ENST00000533131 - BDNF,ENST00000517352 - TNFRSF11B,ENST00000593948 - PSG9,ENST00000321925 - SLC14A1,ENST00000281834 - TNFSF4
ENST00000493406 - WNT5A,ENST00000367718 - TNFSF4,ENST00000264012 - CDH3,ENST00000514464 - BACE1,ENST00000446732 - GLB1,ENST00000481801 - MGAT5,ENST00000468792 - COL6A3,ENST00000438462 - RTN4,ENST00000266646 - INHBE,ENST00000306773 - NPTX1,ENST00000377966 - RECK,ENST00000497849 - VIM,ENST00000584221 - CPD
ENST00000486085 - RTN4,ENST00000467922 - HLA-C,ENST00000345598 - APLP2,ENST00000593482 - PSG2,ENST00000569365 - RPS15A,ENST00000419282 - CD6,ENST00000395983 - BDNF,ENST00000445823 - BACE1,ENST00000522812 - PLAT,ENST00000479053 - RECK,ENST00000493406 - WNT5A,ENST00000259056 - GALNT5,ENST00000352041 - PLAT
ENST00000480605 - FLOT1,ENST00000618372 - CEACAM19,ENST00000351748 - TNFRSF25,ENST00000450024 - HFE,ENST00000502721 - LMAN2,ENST00000265071 - CDH6,ENST00000461836 - DPP4,ENST00000563491 - HSD17B2,ENST00000509814 - ITGA2,ENST00000544577 - OLR1,ENST00000541932 - FLT1,ENST00000423218 - ITGA11,ENST00000521647 - PLAT
ENST00000507750 - KCNN2,ENST00000474267 - WNT5A,ENST00000415148 - CD44,ENST00000474267 - WNT5A,ENST00000481946 - PTK7,ENST00000629385 - ABCC4,ENST00000397255 - IL15RA,ENST00000437265 - HLA-B,ENST00000503090 - HHIP,ENST00000538545 - ACTN1,ENST00000521597 - TNFRSF11B,ENST00000402943 - SLC14A1,ENST00000480356 - F3
ENST00000400256 - COLEC12,ENST00000541779 - LPAR1,ENST00000357867 - FN1,ENST00000481570 - COL1A2,ENST00000505945 - SIL1,ENST00000367718 - TNFSF4,ENST00000467098 - LY6G5C,ENST00000526110 - HSPA8,ENST00000467255 - NTM,ENST00000524009 - PLAT,ENST00000467922 - HLA-C,ENST00000279452 - CD44,ENST00000593948 - PSG9
ENST00000317449 - LRRN4CL,ENST00000497849 - VIM,ENST00000617605 - B2M,ENST00000518092 - SLIT3,ENST00000593644 - RCN3,ENST00000553277 - LRP1,ENST00000536989 - OLR1,ENST00000383329 - HLA-C,ENST00000488053 - TNFSF4,ENST00000533131 - BDNF,ENST00000582147 - COLEC12,ENST00000446342 - PLAU,ENST00000491912 - ST3GAL6
ENST00000471639 - HLA-B,ENST00000509016 - ANXA5,ENST00000455727 - LDLR,ENST00000515606 - CPZ,ENST00000519678 - ASPH,ENST00000534511 - DKK3,ENST00000548117 - CD63,ENST00000566213 - HSD17B2,ENST00000505785 - BST1,ENST00000220809 - PLAT,ENST00000614102 - FAT1,ENST00000418212 - BDNF,ENST00000378076 - ITGA8
ENST00000492719 - GAPDH,ENST00000319211 - F2R,ENST00000263339 - IL1A,ENST00000361981 - L1CAM,ENST00000545380 - CADM1,ENST00000480356 - F3,ENST00000532632 - TM9SF1,ENST00000423218 - ITGA11,ENST00000229708 - ULBP1,ENST00000395986 - BDNF,ENST00000599371 - PSG4,ENST00000521597 - TNFRSF11B,ENST00000379845 - SFRP1
ENST00000376822 - HLA-A,ENST00000527132 - DKK3,ENST00000447280 - SERPINE2,ENST00000344327 - TRPC6,ENST00000480961 - CTSA,ENST00000395986 - BDNF,ENST00000527590 - THY1,ENST00000633015 - NOMO3,ENST00000598255 - ANGPTL4,ENST00000401701 - MYH9,ENST00000528286 - SULF1,ENST00000521723 - PDGFRB,ENST00000521597 - TNFRSF11B
ENST00000521597 - TNFRSF11B,ENST00000402934 - LTBP1,ENST00000620010 - CLPTM1L,ENST00000260356 - THBS1,ENST00000506241 - IL6ST,ENST00000533131 - BDNF,ENST00000302196 - IL1RAPL1,ENST00000572932 - NOMO3,ENST00000524009 - PLAT,ENST00000261180 - TRHDE,ENST00000492719 - GAPDH,ENST00000352041 - PLAT,ENST00000472990 - FLOT1
ENST00000497849 - VIM,ENST00000279452 - CD44,ENST00000368407 - EFNA1,ENST00000261180 - TRHDE,ENST00000352041 - PLAT,ENST00000444954 - CRELD2,ENST00000470535 - ABCA2,ENST00000532873 - DKK3,ENST00000538545 - ACTN1,ENST00000521694 - PLAT,ENST00000486085 - RTN4,ENST00000586142 - SLC14A1,ENST00000480605 - FLOT1
ENST00000377966 - RECK,ENST00000404377 - TNFSF18,ENST00000301455 - ANGPTL4,ENST00000400256 - COLEC12,ENST00000329092 - RPL35A,ENST00000441240 - LPAR1,ENST00000596907 - PSG4,ENST00000597529 - EMP3,ENST00000521597 - TNFRSF11B,ENST00000438462 - RTN4,ENST00000361981 - L1CAM,ENST00000617199 - MFGE8,ENST00000321925 - SLC14A1
ENST00000438462 - RTN4,ENST00000300177 - GREM1,ENST00000283249 - ITGB6,ENST00000404867 - SLIT3,ENST00000565868 - ITGA11,ENST00000379449 - ASPH,ENST00000450031 - FAP,ENST00000279452 - CD44,ENST00000352041 - PLAT,ENST00000312584 - TNFRSF10D,ENST00000479053 - RECK,ENST00000527132 - DKK3,ENST00000424832 - HLA-C
ENST00000311330 - CD248,ENST00000352041 - PLAT,ENST00000396865 - SLC38A9,ENST00000486085 - RTN4,ENST00000527203 - FGFR1,,ENST00000540415 - LRP6,ENST00000402934 - LTBP1,ENST00000541932 - FLT1,ENST00000263339 - IL1A,ENST00000457806 - HLA-C,ENST00000402934 - LTBP1,ENST00000429089 - PLAT
ENST00000449038 - PLOD1,ENST00000510710 - COL1A1,ENST00000423113 - ITGB1,ENST00000461903 - HLA-A,ENST00000543540 - CADM1,,ENST00000626446 - LRP6,ENST00000521723 - PDGFRB,ENST00000426856 - CRIM1,ENST00000381086 - IGFBP3,ENST00000206423 - CCDC80,ENST00000311330 - CD248,ENST00000532873 - DKK3
ENST00000370055 - L1CAM,ENST00000379845 - SFRP1,ENST00000447282 - PCBP2,ENST00000417978 - HLA-A,ENST00000468360 - POFUT2,,ENST00000415140 - LTBP1,ENST00000521597 - TNFRSF11B,ENST00000260702 - LOXL4,ENST00000260356 - THBS1,ENST00000510710 - COL1A1,ENST00000332843 - COLEC10,ENST00000605961 - LMO7
ENST00000404377 - TNFSF18,ENST00000377966 - RECK,ENST00000530591 - ST3GAL4,ENST00000444289 - HLA-A,ENST00000491395 - APP,,ENST00000461492 - DAG1,ENST00000259056 - GALNT5,ENST00000613426 - OSCAR,ENST00000497720 - THBS1,ENST00000401942 - PSG5,ENST00000376228 - HLA-C,ENST00000527132 - DKK3
ENST00000473638 - RPL3,ENST00000492719 - GAPDH,ENST00000359930 - SULF2,ENST00000425443 - COL12A1,ENST00000472989 - TM2D1,,ENST00000486004 - DCBLD2,ENST00000321925 - SLC14A1,ENST00000369700 - PRSS35,ENST00000332843 - COLEC10,ENST00000433626 - PSG4,ENST00000478217 - F3,ENST00000332843 - COLEC10
ENST00000510208 - PAM,ENST00000473638 - RPL3,ENST00000296955 - DCBLD1,ENST00000315782 - CPZ,ENST00000480024 - FN1,,ENST00000352041 - PLAT,ENST00000352041 - PLAT,ENST00000494950 - PLOD2,ENST00000300177 - GREM1,ENST00000374574 - BMPR2,ENST00000541779 - LPAR1,ENST00000443059 - QSOX1
ENST00000397747 - PDCD1LG2,ENST00000605961 - LMO7,ENST00000581373 - RPL17,ENST00000475124 - IL17RB,ENST00000403379 - MPZL1,,ENST00000475715 - NRDC,ENST00000439918 - P4HB,ENST00000616559 - PTPRQ,ENST00000484734 - THBS1,ENST00000451895 - PSG4,ENST00000392029 - QSOX1,ENST00000548898 - CD63
ENST00000423509 - HLA-C,ENST00000315757 - ITGA11,ENST00000381551 - PDGFB,ENST00000521597 - TNFRSF11B,ENST00000588855 - CLPTM1,,ENST00000265071 - CDH6,ENST00000478217 - F3,ENST00000491536 - PLOD1,ENST00000477536 - HEG1,ENST00000473258 - COL6A3,ENST00000586951 - SLC14A1,ENST00000279452 - CD44
ENST00000445610 - HLA-B,ENST00000456754 - TIMP1,ENST00000429635 - AMIGO2,ENST00000436072 - SFRP4,ENST00000518306 - ASPH,,ENST00000521398 - LAMA4,ENST00000523927 - ASPH,ENST00000438462 - RTN4,ENST00000480356 - F3,ENST00000423218 - ITGA11,ENST00000437992 - RPL9,ENST00000220809 - PLAT
ENST00000458420 - CLSTN2,ENST00000446342 - PLAU,ENST00000356005 - FN1,ENST00000300177 - GREM1,ENST00000464654 - TM9SF3,,ENST00000523927 - ASPH,ENST00000527132 - DKK3,ENST00000633130 - GPI,ENST00000633130 - GPI,ENST00000558985 - ANXA2,ENST00000549922 - TRHDE,ENST00000513336 - HEXB
ENST00000424832 - HLA-C,ENST00000485591 - COL6A2,ENST00000523950 - VEGFA,ENST00000383329 - HLA-C,ENST00000484088 - ITGB1,,ENST00000522919 - ASPH,ENST00000370050 - TMEM30A,ENST00000401701 - MYH9,ENST00000429710 - PLAT,ENST00000479595 - HLA-C,ENST00000597529 - EMP3,ENST00000509016 - ANXA5
ENST00000531512 - SULF1,ENST00000419135 - HLA-C,ENST00000370565 - CLCA2,ENST00000469250 - TNXB,ENST00000578816 - TMX3,,ENST00000474564 - COL12A1,ENST00000541779 - LPAR1,ENST00000297350 - TNFRSF11B,ENST00000616868 - SULF1,ENST00000618372 - CEACAM19,ENST00000559132 - MAN2A2,ENST00000458032 - MICB
ENST00000532873 - DKK3,ENST00000299610 - MFAP4,ENST00000356457 - ASPH,ENST00000478966 - SERPINE2,ENST00000550595 - HSP90B1,,ENST00000468999 - LAMB1,ENST00000492719 - GAPDH,ENST00000519097 - TEK,ENST00000397747 - PDCD1LG2,ENST00000618395 - COL5A1,ENST00000475726 - MYH9,ENST00000586142 - SLC14A1
ENST00000478064 - LAMC1,ENST00000548898 - CD63,ENST00000372003 - TSPAN1,ENST00000636571 - CTSD,ENST00000527590 - THY1,,ENST00000552067 - CD63,ENST00000525493 - DKK3,ENST00000527590 - THY1,ENST00000356005 - FN1,ENST00000495316 - PSG4,ENST00000593513 - AXL,ENST00000300177 - GREM1
ENST00000548071 - LUM,,ENST00000395748 - AREG,ENST00000549224 - HLA-A,ENST00000483966 - HNRNPU,,ENST00000533131 - BDNF,ENST00000527326 - CD44,ENST00000638046 - ATP6AP2,ENST00000297350 - TNFRSF11B,ENST00000310833 - CD34,ENST00000379845 - SFRP1,ENST00000450342 - HLA-A
ENST00000300177 - GREM1,,ENST00000618613 - RPL17,ENST00000605961 - LMO7,ENST00000531873 - CD44,,ENST00000472129 - CLTC,ENST00000392029 - QSOX1,ENST00000366175 - PSG5,ENST00000487661 - HEG1,ENST00000461431 - CCDC80,ENST00000589322 - SLC14A1,ENST00000311330 - CD248
ENST00000615825 - MME,,ENST00000367341 - RAET1L,ENST00000521723 - PDGFRB,ENST00000471275 - KIDINS220,,ENST00000413985 - CRIM1,ENST00000482635 - ATP1B3,ENST00000497720 - THBS1,ENST00000433762 - COL6A3,ENST00000260702 - LOXL4,ENST00000421349 - HLA-B,ENST00000377966 - RECK
ENST00000533265 - LAYN,,ENST00000264144 - LAMC2,ENST00000460679 - JAM2,ENST00000526686 - HSPA8,,ENST00000590874 - CAPNS1,ENST00000628462 - CLPTM1L,ENST00000397747 - PDCD1LG2,ENST00000409854 - EPHA4,ENST00000438462 - RTN4,ENST00000542878 - MFGE8,ENST00000312584 - TNFRSF10D
ENST00000299502 - SERPINB2,,ENST00000279477 - SIRPB1,ENST00000531512 - SULF1,ENST00000493278 - CALU,,ENST00000521597 - TNFRSF11B,ENST00000509016 - ANXA5,ENST00000521694 - PLAT,ENST00000537463 - FBN1,ENST00000471344 - COL1A1,ENST00000481570 - COL1A2,ENST00000430940 - HLA-C
ENST00000530866 - LTBP3,,ENST00000352931 - PTK7,ENST00000615825 - MME,ENST00000473287 - TMCO3,,ENST00000456351 - MICB,ENST00000407925 - LTBP1,ENST00000447485 - ATP6AP2,ENST00000497289 - RPN1,ENST00000437992 - RPL9,ENST00000541434 - CADM1,ENST00000244295 - PSG4
ENST00000460393 - MME,,ENST00000375614 - LAYN,ENST00000373417 - ANGPTL2,ENST00000533131 - BDNF,,ENST00000601041 - PSG4,ENST00000481570 - COL1A2,ENST00000312584 - TNFRSF10D,ENST00000426856 - CRIM1,ENST00000597349 - PSG4,ENST00000509016 - ANXA5,ENST00000519479 - PCDHGB4
ENST00000515606 - CPZ,,ENST00000356876 - TNFRSF25,ENST00000231004 - LOX,ENST00000534511 - DKK3,,ENST00000533898 - RCN1,ENST00000485591 - COL6A2,ENST00000549922 - TRHDE,ENST00000400325 - MICA,ENST00000231004 - LOX,ENST00000397747 - PDCD1LG2,ENST00000221980 - ICAM5
ENST00000370207 - F3,,ENST00000356082 - LAMB3,ENST00000367963 - MOXD1,ENST00000504459 - HEXB,,ENST00000527132 - DKK3,ENST00000404377 - TNFSF18,ENST00000503759 - LOX,ENST00000584049 - BDNF,ENST00000300177 - GREM1,ENST00000527577 - CD59,ENST00000438462 - RTN4
ENST00000419716 - SULF1,,ENST00000367028 - HSD11B1,ENST00000508067 - LOX,ENST00000486085 - RTN4,,ENST00000418820 - PSG9,ENST00000376228 - HLA-C,ENST00000523950 - VEGFA,ENST00000519678 - ASPH,ENST00000484734 - THBS1,ENST00000560808 - NEO1,ENST00000615384 - PCDHGB4
ENST00000510710 - COL1A1,,ENST00000450894 - ITGB4,ENST00000367740 - VAMP4,ENST00000415749 - EPHA4,,ENST00000460008 - DCBLD2,ENST00000446342 - PLAU,ENST00000261180 - TRHDE,ENST00000260702 - LOXL4,ENST00000496049 - GAPDH,ENST00000534511 - DKK3,ENST00000402934 - LTBP1
ENST00000482635 - ATP1B3,,ENST00000372077 - VEGFA,ENST00000497849 - VIM,ENST00000261180 - TRHDE,,ENST00000430405 - DMTF1,ENST00000319211 - F2R,ENST00000457104 - VEGFA,ENST00000513960 - VCAN,ENST00000458141 - SULF1,ENST00000372764 - PLAU,ENST00000533131 - BDNF
ENST00000616868 - SULF1,,ENST00000543768 - SCNN1A,ENST00000311330 - CD248,ENST00000397814 - BMP1,,ENST00000504835 - CDH6,ENST00000373417 - ANGPTL2,ENST00000586480 - ICAM5,ENST00000377499 - LMO7,ENST00000531512 - SULF1,ENST00000522293 - MGAT4B,ENST00000529974 - CTSC
ENST00000478966 - SERPINE2,,ENST00000418333 - TGFA,ENST00000470019 - PTK7,ENST00000526110 - HSPA8,,ENST00000259056 - GALNT5,ENST00000551983 - HSP90B1,ENST00000429710 - PLAT,ENST00000638046 - ATP6AP2,ENST00000600817 - PSG5,ENST00000548898 - CD63,ENST00000306773 - NPTX1
ENST00000618395 - COL5A1,,ENST00000338167 - APLP2,ENST00000375615 - LAYN,ENST00000472714 - LAMB1,,ENST00000511115 - PCDH18,ENST00000593513 - AXL,ENST00000397591 - THBS1,ENST00000475181 - CCDC80,ENST00000439918 - P4HB,ENST00000439918 - P4HB,ENST00000530861 - BDNF
ENST00000480356 - F3,,ENST00000306349 - BMP1,ENST00000533265 - LAYN,ENST00000475458 - CLTC,,ENST00000629317 - PTPRK,ENST00000352818 - CD44,ENST00000567934 - CDH11,ENST00000514738 - CDH6,ENST00000595949 - PSG4,ENST00000331581 - CADM1,ENST00000482116 - LMO7
ENST00000605961 - LMO7,,ENST00000428726 - CD44,ENST00000482116 - LMO7,ENST00000497492 - ENO1,,ENST00000524534 - PTPRK,ENST00000397747 - PDCD1LG2,ENST00000266581 - AMIGO2,ENST00000479499 - LAMC1,ENST00000473638 - RPL3,ENST00000566497 - MFGE8,ENST00000380036 - TEK
ENST00000375615 - LAYN,,,ENST00000443913 - CTSK,ENST00000478034 - P4HB,,ENST00000429089 - PLAT,ENST00000525469 - CD44,ENST00000309539 - OLR1,ENST00000491536 - PLOD1,ENST00000525061 - SULF1,ENST00000523927 - ASPH,ENST00000500085 - FAT1
ENST00000407568 - PSG5,,,ENST00000376806 - HLA-A,ENST00000431454 - BIRC6,,ENST00000522633 - IL6ST,ENST00000567109 - CDH13,ENST00000260356 - THBS1,ENST00000554744 - SEL1L,ENST00000345356 - COL12A1,ENST00000529974 - CTSC,ENST00000566497 - MFGE8
ENST00000397591 - THBS1,,,ENST00000332966 - SLIT3,ENST00000425660 - ACTB,,ENST00000627900 - PTPRK,ENST00000510710 - COL1A1,ENST00000477536 - HEG1,ENST00000524261 - PLAT,ENST00000477278 - MXRA8,ENST00000494507 - DPP4,ENST00000522293 - MGAT4B
ENST00000439918 - P4HB,,,ENST00000397591 - THBS1,ENST00000492544 - KIAA0319L,,ENST00000368205 - PTPRK,ENST00000332843 - COLEC10,ENST00000328306 - SLC9A7,ENST00000397591 - THBS1,ENST00000521946 - SULF1,ENST00000473258 - COL6A3,ENST00000525528 - BDNF
ENST00000271651 - CTSK,,,ENST00000510710 - COL1A1,ENST00000523927 - ASPH,,ENST00000550826 - ZNF844,ENST00000353578 - COL6A3,ENST00000486632 - SLC2A5,ENST00000503810 - ITGA2,ENST00000490769 - PSG4,ENST00000310594 - WNT5B,ENST00000617139 - NID2
ENST00000617924 - THBS2,,,ENST00000460393 - MME,ENST00000553290 - ACTN1,,ENST00000424339 - EPHA4,ENST00000415140 - LTBP1,ENST00000478217 - F3,ENST00000486004 - DCBLD2,ENST00000508067 - LOX,ENST00000456012 - HLA-A,ENST00000263398 - CD44
ENST00000200652 - SLC22A4,,,ENST00000476718 - MXRA8,ENST00000485177 - PXDN,,ENST00000351898 - SLC4A4,ENST00000560808 - NEO1,ENST00000423218 - ITGA11,ENST00000351898 - SLC4A4,ENST00000477269 - F10,ENST00000352818 - CD44,ENST00000528295 - THY1
ENST00000477278 - MXRA8,,,ENST00000528295 - THY1,ENST00000409349 - ANTXR1,,ENST00000610929 - PSAP,ENST00000636571 - CTSD,ENST00000523007 - LRP12,ENST00000480704 - PLOD2,ENST00000311330 - CD248,ENST00000547300 - TRHDE,ENST00000541779 - LPAR1
ENST00000231004 - LOX,,,ENST00000530866 - LTBP3,ENST00000447386 - FAP,,ENST00000370408 - ERLIN1,ENST00000372764 - PLAU,ENST00000356005 - FN1,ENST00000265074 - NPR3,ENST00000397747 - PDCD1LG2,ENST00000515017 - ANXA5,ENST00000545560 - ITGBL1
ENST00000528295 - THY1,,,ENST00000548071 - LUM,ENST00000581826 - CPD,,ENST00000480949 - PCYOX1,ENST00000462163 - RPN2,ENST00000464933 - SLC9A7,ENST00000521195 - FZD6,ENST00000616559 - PTPRQ,ENST00000455111 - GPC1,ENST00000480278 - CEACAM19
ENST00000458141 - SULF1,,,ENST00000532873 - DKK3,ENST00000492734 - CACNA2D1,,ENST00000527889 - CD44,ENST00000421349 - HLA-B,ENST00000621659 - ABCC1,ENST00000309539 - OLR1,ENST00000548071 - LUM,ENST00000407925 - LTBP1,ENST00000397411 - TSPAN4
ENST00000377499 - LMO7,,,ENST00000504456 - PAM,ENST00000397886 - PTTG1IP,,ENST00000332843 - COLEC10,ENST00000515017 - ANXA5,ENST00000369750 - TPBG,ENST00000447485 - ATP6AP2,ENST00000352931 - PTK7,ENST00000378076 - ITGA8,ENST00000518867 - MGAT4B
ENST00000367963 - MOXD1,,,ENST00000376228 - HLA-C,ENST00000478217 - F3,,ENST00000472714 - LAMB1,ENST00000472056 - COL6A3,ENST00000635036 - TPBG,ENST00000440126 - APP,ENST00000476718 - MXRA8,ENST00000404377 - TNFSF18,ENST00000510208 - PAM
ENST00000310594 - WNT5B,,,ENST00000409829 - ANTXR1,ENST00000281834 - TNFSF4,,ENST00000465851 - SLC39A10,ENST00000513336 - HEXB,ENST00000617924 - THBS2,ENST00000608657 - ITGB5,ENST00000502363 - PKD2,ENST00000518306 - ASPH,ENST00000517903 - ASPH
ENST00000260356 - THBS1,,,ENST00000461431 - CCDC80,ENST00000415241 - FLNA,,ENST00000489941 - LMO7,ENST00000544301 - VIM,ENST00000537463 - FBN1,ENST00000362032 - SUCNR1,ENST00000529974 - CTSC,ENST00000315757 - ITGA11,ENST00000542878 - MFGE8
ENST00000353578 - COL6A3,,,ENST00000515017 - ANXA5,ENST00000549922 - TRHDE,,ENST00000551182 - ATP5F1B,ENST00000558985 - ANXA2,ENST00000263339 - IL1A,ENST00000407925 - LTBP1,ENST00000397591 - THBS1,ENST00000492719 - GAPDH,ENST00000560937 - MFGE8
ENST00000315782 - CPZ,,,ENST00000263665 - CNTN3,ENST00000540837 - M6PR,,ENST00000379845 - SFRP1,ENST00000311330 - CD248,ENST00000480704 - PLOD2,ENST00000379904 - ERAP2,ENST00000510208 - PAM,ENST00000560937 - MFGE8,ENST00000512772 - FAT1
ENST00000416726 - HLA-B,,,ENST00000450684 - AEBP1,ENST00000370207 - F3,,ENST00000486266 - HLA-C,ENST00000542878 - MFGE8,ENST00000554158 - ACTN1,ENST00000520052 - ANGPT1,ENST00000370055 - L1CAM,ENST00000550728 - HLA-A,ENST00000446342 - PLAU
ENST00000546642 - LUM,,,ENST00000617924 - THBS2,ENST00000509814 - ITGA2,,ENST00000614327 - HSP90B1,ENST00000455111 - GPC1,ENST00000618395 - COL5A1,ENST00000328306 - SLC9A7,ENST00000544301 - VIM,ENST00000424424 - PRNP,
ENST00000484734 - THBS1,,,ENST00000484734 - THBS1,ENST00000480581 - CAPN2,,ENST00000534412 - PICALM,ENST00000550728 - HLA-A,ENST00000475889 - PKD1,ENST00000367921 - DDR2,ENST00000533265 - LAYN,ENST00000443059 - QSOX1,
ENST00000548898 - CD63,,,ENST00000510208 - PAM,ENST00000415997 - APP,,ENST00000513539 - HEXB,ENST00000495528 - VIM,ENST00000539518 - OLR1,ENST00000469554 - CCDC80,ENST00000476387 - COL1A1,ENST00000528295 - THY1,
ENST00000471344 - COL1A1,,,ENST00000436913 - LAYN,ENST00000259056 - GALNT5,,ENST00000297350 - TNFRSF11B,ENST00000527577 - CD59,ENST00000574721 - ADCY9,ENST00000266581 - AMIGO2,ENST00000448611 - LMNA,ENST00000510208 - PAM,
ENST00000509016 - ANXA5,,,ENST00000613132 - IGFBP3,ENST00000571507 - P4HB,,ENST00000559494 - TSPAN3,ENST00000344876 - PCDH18,ENST00000519678 - ASPH,ENST00000632478 - GREM1,ENST00000497720 - THBS1,ENST00000374786 - NTM,
ENST00000360490 - MME,,,ENST00000616738 - LEPR,ENST00000508067 - LOX,,ENST00000532339 - CD44,ENST00000555616 - ACTN1,ENST00000220809 - PLAT,ENST00000560830 - GREM1,ENST00000612334 - CERCAM,ENST00000612334 - CERCAM,
ENST00000593948 - PSG9,,,ENST00000458447 - APOD,ENST00000525469 - CD44,,ENST00000502498 - CANX,ENST00000441240 - LPAR1,ENST00000436783 - ATP6AP2,ENST00000369750 - TPBG,ENST00000597912 - PSG4,ENST00000530866 - LTBP3,
ENST00000502363 - PKD2,,,ENST00000490776 - FKBP9,ENST00000480356 - F3,,ENST00000513336 - HEXB,ENST00000457660 - SLC3A2,ENST00000475181 - CCDC80,ENST00000635036 - TPBG,ENST00000550645 - RPL18,ENST00000519479 - PCDHGB4,
ENST00000483888 - COL12A1,,,ENST00000477278 - MXRA8,ENST00000552754 - CD63,,ENST00000263398 - CD44,ENST00000636997 - ASAH1,ENST00000554744 - SEL1L,ENST00000488053 - TNFSF4,ENST00000474033 - MXRA8,ENST00000617380 - PCDHGB5,
ENST00000612334 - CERCAM,,,ENST00000480456 - JAM2,ENST00000460886 - COL6A2,,ENST00000638046 - ATP6AP2,ENST00000315757 - ITGA11,ENST00000487661 - HEG1,ENST00000413303 - LTBP1,ENST00000509016 - ANXA5,ENST00000397411 - TSPAN4,
ENST00000494507 - DPP4,,,ENST00000612334 - CERCAM,ENST00000525209 - CD44,,ENST00000460797 - ITGB5,ENST00000534549 - JAM3,ENST00000479499 - LAMC1,ENST00000467255 - NTM,ENST00000419716 - SULF1,ENST00000621169 - PCDHGB5,
ENST00000436072 - SFRP4,,,ENST00000340687 - SERPING1,ENST00000519468 - ASAH1,,ENST00000578916 - PTPRM,ENST00000638046 - ATP6AP2,ENST00000477845 - FBLN2,ENST00000567934 - CDH11,ENST00000260356 - THBS1,ENST00000523108 - MGAT4B,
ENST00000566497 - MFGE8,,,ENST00000556356 - LRP1,ENST00000525162 - PICALM,,ENST00000586056 - SLC14A1,ENST00000469097 - HM13,ENST00000428068 - ADGRA2,ENST00000490247 - THBS1,ENST00000375615 - LAYN,ENST00000474267 - WNT5A,
,,,ENST00000531133 - SERPING1,ENST00000495928 - MYH9,,ENST00000381294 - IL6ST,ENST00000418533 - LTBP1,ENST00000300177 - GREM1,ENST00000264205 - ECE1,ENST00000600572 - PSG4,ENST00000637387 - CTSD,
,,,ENST00000426348 - TNXB,ENST00000586760 - CALR,,ENST00000619364 - NOMO3,ENST00000333552 - RALY,ENST00000428848 - CDH13,ENST00000523950 - VEGFA,ENST00000528295 - THY1,ENST00000477278 - MXRA8,
,,,ENST00000335110 - FAT4,ENST00000475584 - IGF2R,,ENST00000547250 - ATP5F1B,ENST00000518867 - MGAT4B,ENST00000496081 - HLA-A,ENST00000259056 - GALNT5,ENST00000546642 - LUM,ENST00000545094 - CADM1,
,,,ENST00000559746 - THBS1,ENST00000425992 - VDAC1,,ENST00000518306 - ASPH,ENST00000541434 - CADM1,ENST00000413303 - LTBP1,ENST00000558745 - TSPAN3,ENST00000597529 - EMP3,ENST00000461431 - CCDC80,
,,,ENST00000477269 - F10,ENST00000532331 - PTPRK,,ENST00000472294 - HLA-B,ENST00000586142 - SLC14A1,ENST00000486085 - RTN4,ENST00000509647 - FAT1,ENST00000613052 - CERCAM,ENST00000368215 - PTPRK,
,,,ENST00000618395 - COL5A1,ENST00000619256 - PTPRK,,ENST00000528086 - CD44,ENST00000352931 - PTK7,ENST00000376162 - ITGBL1,ENST00000426059 - FN1,ENST00000469554 - CCDC80,ENST00000628183 - PTPRK,
,,,ENST00000464916 - COL1A2,ENST00000514032 - CANX,,ENST00000503856 - PDGFRA,ENST00000374786 - NTM,ENST00000406449 - PVR,ENST00000367351 - ULBP2,ENST00000293709 - ATF6B,ENST00000504248 - MAN2B2,
,,,ENST00000504691 - PAM,ENST00000618828 - COL5A2,,ENST00000560164 - SLC12A6,ENST00000588454 - CALR,ENST00000490247 - THBS1,ENST00000296129 - CDCP1,ENST00000525981 - RPL27A,,
,,,ENST00000509016 - ANXA5,ENST00000493406 - WNT5A,,ENST00000612161 - SLC38A1,ENST00000268613 - CDH13,ENST00000367351 - ULBP2,ENST00000618395 - COL5A1,ENST00000295550 - COL6A3,,
,,,ENST00000419716 - SULF1,ENST00000508639 - SIL1,,ENST00000513452 - CLDND1,ENST00000478064 - LAMC1,ENST00000506367 - PKD2,ENST00000617924 - THBS2,ENST00000470019 - PTK7,,
,,,ENST00000451159 - TNXB,ENST00000523593 - ASAH1,,ENST00000547517 - RAB5C,ENST00000545094 - CADM1,ENST00000550413 - AMIGO2,ENST00000537320 - TNC,ENST00000369236 - GFRA1,,
,,,ENST00000252085 - PCDHGA12,ENST00000559746 - THBS1,,ENST00000618828 - COL5A2,ENST00000433655 - CTSD,ENST00000381086 - IGFBP3,ENST00000418533 - LTBP1,ENST00000595404 - PSG9,,
,,,ENST00000397747 - PDCD1LG2,ENST00000231004 - LOX,,ENST00000455727 - LDLR,ENST00000409829 - ANTXR1,ENST00000632478 - GREM1,ENST00000369700 - PRSS35,ENST00000464916 - COL1A2,,
,,,ENST00000382872 - NLGN4Y,ENST00000494950 - PLOD2,,ENST00000474628 - P4HA2,ENST00000519468 - ASAH1,ENST00000560830 - GREM1,ENST00000436783 - ATP6AP2,ENST00000519678 - ASPH,,
,,,ENST00000613052 - CERCAM,ENST00000464310 - P4HA1,,ENST00000376162 - ITGBL1,,ENST00000529134 - SULF1,ENST00000469005 - FSTL1,ENST00000360814 - GLT8D2,,
,,,ENST00000489707 - PTK7,ENST00000636494 - ASAH1,,ENST00000511081 - CLDND1,,ENST00000545560 - ITGBL1,ENST00000508588 - PKD2,ENST00000532873 - DKK3,,
,,,ENST00000524970 - THY1,ENST00000493320 - MICA,,ENST00000524835 - TM9SF1,,ENST00000480356 - F3,ENST00000517746 - ANGPT1,ENST00000381086 - IGFBP3,,
,,,ENST00000458141 - SULF1,ENST00000560466 - ANXA2,,ENST00000326857 - DCBLD2,,ENST00000484734 - THBS1,ENST00000482116 - LMO7,ENST00000407929 - SLC8A1,,
,,,ENST00000352931 - PTK7,ENST00000464116 - XRCC6,,ENST00000321925 - SLC14A1,,ENST00000469005 - FSTL1,ENST00000314915 - BDNF,ENST00000472007 - FKBP9,,
,,,ENST00000369802 - CSF1,ENST00000354192 - APP,,ENST00000474380 - LAMB1,,ENST00000376839 - ACTN1,ENST00000231004 - LOX,ENST00000475181 - CCDC80,,
,,,ENST00000407568 - PSG5,ENST00000593513 - AXL,,ENST00000530694 - DKK3,,ENST00000520770 - LRP12,ENST00000478217 - F3,,,
,,,ENST00000487661 - HEG1,ENST00000521327 - SPARC,,ENST00000436783 - ATP6AP2,,ENST00000608657 - ITGB5,ENST00000465642 - IGFBP3,,,
,,,,ENST00000260356 - THBS1,,ENST00000360534 - DPP4,,ENST00000579475 - NOTCH2,ENST00000523007 - LRP12,,,
,,,,ENST00000634795 - CD99L2,,ENST00000563432 - GLG1,,ENST00000264205 - ECE1,ENST00000496703 - ITGB5,,,
,,,,ENST00000397747 - PDCD1LG2,,ENST00000373417 - ANGPTL2,,ENST00000432738 - SERPINE2,ENST00000593513 - AXL,,,
,,,,ENST00000447066 - GLG1,,ENST00000422669 - LTBP1,,ENST00000455111 - GPC1,ENST00000550413 - AMIGO2,,,
,,,,ENST00000438929 - BDNF,,,,ENST00000374791 - NTM,ENST00000326857 - DCBLD2,,,
,,,,ENST00000426059 - FN1,,,,ENST00000584049 - BDNF,ENST00000405269 - SLC8A1,,,
,,,,ENST00000379845 - SFRP1,,,,ENST00000469554 - CCDC80,ENST00000476482 - P4HB,,,
,,,,ENST00000521499 - ASPH,,,,ENST00000534412 - PICALM,ENST00000485987 - LMO7,,,
,,,,ENST00000439193 - EFEMP1,,,,ENST00000532873 - DKK3,ENST00000464933 - SLC9A7,,,
,,,,ENST00000479257 - CALU,,,,ENST00000545927 - OLR1,ENST00000521597 - TNFRSF11B,,,
,,,,ENST00000613132 - IGFBP3,,,,ENST00000558745 - TSPAN3,ENST00000265016 - BST1,,,
,,,,ENST00000474267 - WNT5A,,,,ENST00000476482 - P4HB,ENST00000542058 - GNS,,,
,,,,ENST00000469554 - CCDC80,,,,ENST00000602131 - PLD3,ENST00000394156 - CDH11,,,
,,,,ENST00000428575 - XRCC6,,,,ENST00000409854 - EPHA4,ENST00000519011 - FZD6,,,
,,,,ENST00000529492 - TMEM123,,,,ENST00000584265 - MRC2,ENST00000425719 - NTM,,,
,,,,ENST00000461583 - HLA-B,,,,ENST00000437607 - PTPRF,ENST00000579475 - NOTCH2,,,
,,,,ENST00000505593 - LOX,,,,ENST00000524970 - THY1,ENST00000519510 - PLAT,,,
,,,,ENST00000297350 - TNFRSF11B,,,,ENST00000395986 - BDNF,ENST00000525463 - HSPA8,,,
,,,,ENST00000577468 - PTPRM,,,,ENST00000472007 - FKBP9,ENST00000326958 - NPR3,,,
,,,,ENST00000486533 - COL12A1,,,,ENST00000496703 - ITGB5,ENST00000461431 - CCDC80,,,
,,,,ENST00000358170 - CD46,,,,ENST00000493811 - POFUT2,ENST00000486979 - ALCAM,,,
,,,,ENST00000528294 - ECE1,,,,ENST00000377499 - LMO7,ENST00000419716 - SULF1,,,
,,,,ENST00000244295 - PSG4,,,,ENST00000535040 - TPBG,ENST00000532873 - DKK3,,,
,,,,ENST00000481985 - RPL3,,,,ENST00000634817 - TPBG,ENST00000496081 - HLA-A,,,
,,,,ENST00000618395 - COL5A1,,,,ENST00000395983 - BDNF,ENST00000301455 - ANGPTL4,,,
,,,,ENST00000279452 - CD44,,,,ENST00000265016 - BST1,ENST00000503773 - IL6ST,,,
,,,,ENST00000406391 - SLC8A1,,,,ENST00000593513 - AXL,ENST00000380036 - TEK,,,
,,,,ENST00000494614 - DCBLD2,,,,ENST00000508588 - PKD2,ENST00000474729 - MPZL1,,,
,,,,ENST00000469350 - PLOD2,,,,ENST00000433762 - COL6A3,ENST00000510722 - ITGA2,,,
,,,,ENST00000494446 - FN1,,,,ENST00000474729 - MPZL1,ENST00000261266 - PTPRB,,,
,,,,ENST00000471632 - TMEM87B,,,,ENST00000463535 - CERCAM,ENST00000264463 - CDH10,,,
,,,,ENST00000558132 - ANXA2,,,,ENST00000376180 - ITGBL1,ENST00000539518 - OLR1,,,
,,,,ENST00000434472 - CD44,,,,ENST00000524261 - PLAT,ENST00000436949 - SEMA3A,,,
,,,,ENST00000513960 - VCAN,,,,ENST00000257527 - ADAM19,,,,
,,,,ENST00000480283 - ATRX,,,,ENST00000231004 - LOX,,,,
,,,,ENST00000559494 - TSPAN3,,,,ENST00000616868 - SULF1,,,,
,,,,ENST00000519742 - CLU,,,,ENST00000550253 - TGFBR1,,,,
,,,,ENST00000486979 - ALCAM,,,,ENST00000418354 - FKBP9,,,,
,,,,ENST00000475181 - CCDC80,,,,ENST00000461431 - CCDC80,,,,
,,,,ENST00000532873 - DKK3,,,,ENST00000513960 - VCAN,,,,
,,,,ENST00000562090 - GLG1,,,,ENST00000356660 - BDNF,,,,
,,,,ENST00000334047 - F3,,,,ENST00000425719 - NTM,,,,
,,,,ENST00000470019 - PTK7,,,,ENST00000367921 - DDR2,,,,
,,,,ENST00000474644 - COL1A1,,,,ENST00000635944 - ASAH1,,,,
,,,,ENST00000524970 - THY1,,,,ENST00000394156 - CDH11,,,,
,,,,ENST00000422669 - LTBP1,,,,ENST00000379917 - ADAM9,,,,
,,,,ENST00000584049 - BDNF,,,,ENST00000440126 - APP,,,,
,,,,ENST00000295550 - COL6A3,,,,ENST00000520052 - ANGPT1,,,,
,,,,ENST00000542447 - CADM1,,,,ENST00000475220 - FKBP9,,,,
,,,,ENST00000480823 - FSTL1,,,,ENST00000377017 - TIMP1,,,,
,,,,ENST00000464916 - COL1A2,,,,ENST00000380036 - TEK,,,,
,,,,ENST00000381086 - IGFBP3,,,,ENST00000506649 - CD164,,,,
,,,,ENST00000435414 - TFPI,,,,ENST00000433590 - MFAP5,,,,
,,,,ENST00000495700 - PLOD2,,,,ENST00000523739 - FZD6,,,,
,,,,ENST00000300177 - GREM1,,,,ENST00000502363 - PKD2,,,,
,,,,ENST00000409532 - ITGA6,,,,ENST00000393808 - ST3GAL5,,,,
,,,,ENST00000315757 - ITGA11,,,,ENST00000315757 - ITGA11,,,,
,,,,ENST00000356660 - BDNF,,,,ENST00000517951 - ADAM19,,,,
,,,,ENST00000282903 - PLOD2,,,,ENST00000542878 - MFGE8,,,,
,,,,ENST00000416123 - COL12A1,,,,ENST00000564631 - TMX3,,,,
,,,,ENST00000353578 - COL6A3,,,,ENST00000488683 - CLIC4,,,,
,,,,ENST00000356005 - FN1,,,,ENST00000437302 - ITGB1,,,,
,,,,ENST00000427239 - COL11A1,,,,ENST00000514738 - CDH6,,,,
,,,,ENST00000297268 - COL1A2,,,,ENST00000457381 - NTM,,,,
,,,,ENST00000322805 - GREM1,,,,ENST00000497289 - RPN1,,,,
,,,,,,,,ENST00000542058 - GNS,,,,
,,,,,,,,ENST00000457660 - SLC3A2,,,,
,,,,,,,,ENST00000474644 - COL1A1,,,,
,,,,,,,,ENST00000444954 - CRELD2,,,,
,,,,,,,,ENST00000471344 - COL1A1,,,,
,,,,,,,,ENST00000301455 - ANGPTL4,,,,
,,,,,,,,ENST00000518161 - TMEM30A,,,,
,,,,,,,,ENST00000188790 - FAP,,,,
,,,,,,,,ENST00000261266 - PTPRB,,,,
,,,,,,,,ENST00000482116 - LMO7,,,,
,,,,,,,,ENST00000553373 - FERMT2,,,,
,,,,,,,,ENST00000407925 - LTBP1,,,,
,,,,,,,,ENST00000567109 - CDH13,,,,
,,,,,,,,ENST00000351898 - SLC4A4,,,,
,,,,,,,,ENST00000537320 - TNC,,,,
,,,,,,,,ENST00000379904 - ERAP2,,,,
,,,,,,,,ENST00000409938 - EPHA4,,,,
,,,,,,,,ENST00000295550 - COL6A3,,,,
,,,,,,,,ENST00000306349 - BMP1,,,,
,,,,,,,,ENST00000519510 - PLAT,,,,
,,,,,,,,ENST00000537508 - SLC3A2,,,,
,,,,,,,,ENST00000503856 - PDGFRA,,,,
,,,,,,,,ENST00000463335 - ANTXR1,,,,
,,,,,,,,ENST00000480823 - FSTL1,,,,
,,,,,,,,ENST00000374786 - NTM,,,,
,,,,,,,,ENST00000480737 - FN1,,,,
,,,,,,,,ENST00000466755 - THBS1,,,,
,,,,,,,,ENST00000490286 - DPP4,,,,
,,,,,,,,ENST00000491959 - ZPLD1,,,,
,,,,,,,,ENST00000359478 - MFAP5,,,,
,,,,,,,,ENST00000423829 - ICAM1,,,,
,,,,,,,,ENST00000561100 - GPR176,,,,
,,,,,,,,ENST00000400325 - MICA,,,,
,,,,,,,,ENST00000426059 - FN1,,,,
,,,,,,,,ENST00000356253 - CACNA2D1,,,,
,,,,,,,,ENST00000292357 - PEAR1,,,,
,,,,,,,,ENST00000525201 - TSPAN4,,,,
,,,,,,,,ENST00000531512 - SULF1,,,,
,,,,,,,,ENST00000519011 - FZD6,,,,
,,,,,,,,ENST00000529016 - PICALM,,,,
,,,,,,,,ENST00000611535 - OSCAR,,,,
,,,,,,,,ENST00000518867 - MGAT4B,,,,
,,,,,,,,ENST00000481273 - PTK7,,,,
,,,,,,,,ENST00000525463 - HSPA8,,,,
,,,,,,,,ENST00000463027 - MYH9,,,,
,,,,,,,,ENST00000405269 - SLC8A1,,,,
,,,,,,,,ENST00000616271 - CADM1,,,,
,,,,,,,,ENST00000357339 - FAS,,,,
,,,,,,,,ENST00000525061 - SULF1,,,,
,,,,,,,,ENST00000419716 - SULF1,,,,
,,,,,,,,ENST00000527651 - STIM1,,,,
,,,,,,,,ENST00000494535 - SCARF2,,,,
,,,,,,,,ENST00000375615 - LAYN,,,,
,,,,,,,,ENST00000502949 - SEL1L3,,,,
,,,,,,,,ENST00000426982 - KIAA0319L,,,,
,,,,,,,,ENST00000555616 - ACTN1,,,,
,,,,,,,,ENST00000289952 - SLC39A14,,,,
,,,,,,,,ENST00000418533 - LTBP1,,,,
,,,,,,,,ENST00000474033 - MXRA8,,,,
,,,,,,,,ENST00000360568 - P4HA2,,,,
,,,,,,,,ENST00000358170 - CD46,,,,
,,,,,,,,ENST00000317840 - COL3A1,,,,
,,,,,,,,ENST00000264441 - PCYOX1,,,,
,,,,,,,,ENST00000264463 - CDH10,,,,
,,,,,,,,ENST00000549940 - GNPTAB,,,,
,,,,,,,,ENST00000481849 - HLA-B,,,,
,,,,,,,,ENST00000503010 - TMED7,,,,
,,,,,,,,ENST00000166534 - P4HA2,,,,
,,,,,,,,ENST00000518980 - MGAT4B,,,,
,,,,,,,,ENST00000539548 - CDH13,,,,
,,,,,,,,ENST00000537992 - ITGB8,,,,
,,,,,,,,ENST00000635998 - ASAH1,,,,
,,,,,,,,ENST00000358477 - TRPC4,,,,
,,,,,,,,ENST00000486979 - ALCAM,,,,
,,,,,,,,ENST00000509647 - FAT1,,,,
